{
  "resourceType": "Bundle",
  "id": "Bundle-29",
  "entry": [
    {
      "resource": {
        "resourceType": "Patient",
        "id": "Patient-29",
        "name": [
          {
            "given": [
              "BilateralMastectomyHistoryDuringMP"
            ],
            "family": "DenexPass"
          }
        ],
        "birthDate": "1970-12-31",
        "gender": "female"
      }
    },
    {
      "resource": {
        "resourceType": "Coverage",
        "id": "Coverage-29-93",
        "policyHolder": {
          "reference": "Patient/Patient-29"
        },
        "period": {
          "start": "2020-10-01T00:00:00.000Z",
          "end": "2022-12-31T23:59:59.000Z"
        },
        "type": {
          "coding": [
            {
              "system": "http://terminology.hl7.org/ValueSet/v3-ActCoverageTypeCode",
              "code": "MCPOL"
            }
          ]
        }
      }
    },
    {
      "resource": {
        "resourceType": "Condition",
        "id": "Condition-29-94",
        "clinicalStatus": {
          "coding": [
            {
              "code": "active",
              "system": "http://terminology.hl7.org/CodeSystem/condition-clinical"
            }
          ]
        },
        "subject": {
          "reference": "Patient/Patient-29"
        },
        "code": {
          "coding": [
            {
              "system": "http://snomed.info/sct",
              "version": "2020.09.20AA",
              "code": "428529004",
              "display": "History of bilateral mastectomy"
            }
          ]
        },
        "onsetDateTime": "2022-12-31T23:59:59.000Z"
      }
    }
  ]
}