{
  "resourceType": "Bundle",
  "id": "Bundle-16",
  "entry": [
    {
      "resource": {
        "resourceType": "Patient",
        "id": "Patient-16",
        "name": [
          {
            "given": [
              "HospiceEncounterStatusNull"
            ],
            "family": "DenexFail"
          }
        ],
        "birthDate": "1970-12-31",
        "gender": "female"
      }
    },
    {
      "resource": {
        "resourceType": "Coverage",
        "id": "Coverage-16-93",
        "policyHolder": {
          "reference": "Patient/Patient-16"
        },
        "period": {
          "start": "2020-10-01T00:00:00.000Z",
          "end": "2022-12-31T23:59:59.000Z"
        },
        "type": {
          "coding": [
            {
              "system": "http://terminology.hl7.org/ValueSet/v3-ActCoverageTypeCode",
              "code": "MCPOL"
            }
          ]
        }
      }
    },
    {
      "resource": {
        "resourceType": "Encounter",
        "id": "Encounter-16-94",
        "subject": {
          "reference": "Patient/Patient-16"
        },
        "type": [
          {
            "coding": [
              {
                "version": "2012.05",
                "code": "0115",
                "display": "Hospice"
              }
            ]
          }
        ],
        "period": {
          "start": "2021-12-31T23:59:59.000Z",
          "end": "2022-01-01T00:00:00.000Z"
        }
      }
    }
  ]
}