{
  "resourceType": "Bundle",
  "id": "Bundle-30",
  "entry": [
    {
      "resource": {
        "resourceType": "Patient",
        "id": "Patient-30",
        "name": [
          {
            "given": [
              "BilateralMastectomyHistoryAfterMP"
            ],
            "family": "DenexFail"
          }
        ],
        "birthDate": "1970-12-31",
        "gender": "female"
      }
    },
    {
      "resource": {
        "resourceType": "Coverage",
        "id": "Coverage-30-93",
        "policyHolder": {
          "reference": "Patient/Patient-30"
        },
        "period": {
          "start": "2020-10-01T00:00:00.000Z",
          "end": "2022-12-31T23:59:59.000Z"
        },
        "type": {
          "coding": [
            {
              "system": "http://terminology.hl7.org/ValueSet/v3-ActCoverageTypeCode",
              "code": "MCPOL"
            }
          ]
        }
      }
    },
    {
      "resource": {
        "resourceType": "Condition",
        "id": "Condition-30-94",
        "clinicalStatus": {
          "coding": [
            {
              "code": "active",
              "system": "http://terminology.hl7.org/CodeSystem/condition-clinical"
            }
          ]
        },
        "subject": {
          "reference": "Patient/Patient-30"
        },
        "code": {
          "coding": [
            {
              "system": "http://snomed.info/sct",
              "version": "2020.09.20AA",
              "code": "428529004",
              "display": "History of bilateral mastectomy"
            }
          ]
        },
        "onsetDateTime": "2023-01-01T00:00:00.000Z"
      }
    }
  ]
}