{
  "resourceType": "Bundle",
  "id": "Bundle-61",
  "entry": [
    {
      "resource": {
        "resourceType": "Patient",
        "id": "Patient-61",
        "name": [
          {
            "given": [
              "PalliativeCareEncounterB4MP"
            ],
            "family": "DenexFail"
          }
        ],
        "birthDate": "1970-12-31",
        "gender": "female"
      }
    },
    {
      "resource": {
        "resourceType": "Coverage",
        "id": "Coverage-61-93",
        "policyHolder": {
          "reference": "Patient/Patient-61"
        },
        "period": {
          "start": "2020-10-01T00:00:00.000Z",
          "end": "2022-12-31T23:59:59.000Z"
        },
        "type": {
          "coding": [
            {
              "system": "http://terminology.hl7.org/ValueSet/v3-ActCoverageTypeCode",
              "code": "MCPOL"
            }
          ]
        }
      }
    },
    {
      "resource": {
        "resourceType": "Encounter",
        "id": "Encounter-61-94",
        "subject": {
          "reference": "Patient/Patient-61"
        },
        "type": [
          {
            "coding": [
              {
                "system": "http://snomed.info/sct",
                "version": "2020.09.20AA",
                "code": "305284002",
                "display": "Admission by palliative care physician"
              }
            ]
          }
        ],
        "period": {
          "start": "2021-12-31T00:00:00.000Z",
          "end": "2021-12-31T23:59:59.000Z"
        },
        "status": "finished"
      }
    }
  ]
}