{
  "resourceType": "Bundle",
  "id": "Bundle-41",
  "entry": [
    {
      "resource": {
        "resourceType": "Patient",
        "id": "Patient-41",
        "name": [
          {
            "given": [
              "FrailtyEncounterOverlapsMP"
            ],
            "family": "DenexPass"
          }
        ],
        "birthDate": "1956-12-31",
        "gender": "female"
      }
    },
    {
      "resource": {
        "resourceType": "Coverage",
        "id": "Coverage-41-93",
        "policyHolder": {
          "reference": "Patient/Patient-41"
        },
        "period": {
          "start": "2020-10-01T00:00:00.000Z",
          "end": "2022-12-31T23:59:59.000Z"
        },
        "type": {
          "coding": [
            {
              "system": "http://terminology.hl7.org/ValueSet/v3-ActCoverageTypeCode",
              "code": "MCPOL"
            }
          ]
        }
      }
    },
    {
      "resource": {
        "resourceType": "Encounter",
        "id": "Encounter-41-94",
        "subject": {
          "reference": "Patient/Patient-41"
        },
        "type": [
          {
            "coding": [
              {
                "system": "http://snomed.info/sct",
                "version": "2020.09.20AA",
                "code": "413467001",
                "display": "Aftercare"
              }
            ]
          }
        ],
        "period": {
          "start": "2022-01-01T00:00:00.000Z",
          "end": "2022-12-31T23:59:59.000Z"
        },
        "status": "finished"
      }
    },
    {
      "resource": {
        "resourceType": "MedicationDispense",
        "id": "MedicationDispense-41-95",
        "subject": {
          "reference": "Patient/Patient-41"
        },
        "medicationCodeableConcept": {
          "coding": [
            {
              "system": "http://www.nlm.nih.gov/research/umls/rxnorm",
              "version": "2015.02.02.14AB",
              "code": "1599805",
              "display": "24 HR Donepezil hydrochloride 10 MG / Memantine hydrochloride 14 MG Extended Release Oral Capsule"
            }
          ]
        },
        "whenHandedOver": "2021-01-01T00:00:00.000Z",
        "status": "completed"
      }
    }
  ]
}