{
  "resourceType": "Bundle",
  "id": "Bundle-39",
  "entry": [
    {
      "resource": {
        "resourceType": "Patient",
        "id": "Patient-39",
        "name": [
          {
            "given": [
              "FrailtyDiagnosisOverlapsMP"
            ],
            "family": "DenexPass"
          }
        ],
        "birthDate": "1956-12-31",
        "gender": "female"
      }
    },
    {
      "resource": {
        "resourceType": "Coverage",
        "id": "Coverage-39-93",
        "policyHolder": {
          "reference": "Patient/Patient-39"
        },
        "period": {
          "start": "2020-10-01T00:00:00.000Z",
          "end": "2022-12-31T23:59:59.000Z"
        },
        "type": {
          "coding": [
            {
              "system": "http://terminology.hl7.org/ValueSet/v3-ActCoverageTypeCode",
              "code": "MCPOL"
            }
          ]
        }
      }
    },
    {
      "resource": {
        "resourceType": "Condition",
        "id": "Condition-39-94",
        "clinicalStatus": {
          "coding": [
            {
              "code": "active",
              "system": "http://terminology.hl7.org/CodeSystem/condition-clinical"
            }
          ]
        },
        "subject": {
          "reference": "Patient/Patient-39"
        },
        "code": {
          "coding": [
            {
              "system": "http://snomed.info/sct",
              "version": "2020.09.20AA",
              "code": "217082002",
              "display": "Accidental fall"
            }
          ]
        },
        "onsetDateTime": "2022-01-01T00:00:00.000Z",
        "abatementDateTime": "2022-12-31T23:59:59.000Z"
      }
    },
    {
      "resource": {
        "resourceType": "MedicationDispense",
        "id": "MedicationDispense-39-95",
        "subject": {
          "reference": "Patient/Patient-39"
        },
        "medicationCodeableConcept": {
          "coding": [
            {
              "system": "http://www.nlm.nih.gov/research/umls/rxnorm",
              "version": "2015.02.02.14AB",
              "code": "1599805",
              "display": "24 HR Donepezil hydrochloride 10 MG / Memantine hydrochloride 14 MG Extended Release Oral Capsule"
            }
          ]
        },
        "whenHandedOver": "2021-01-01T00:00:00.000Z",
        "status": "completed"
      }
    }
  ]
}