{
  "resourceType": "Bundle",
  "id": "Bundle-23",
  "entry": [
    {
      "resource": {
        "resourceType": "Patient",
        "id": "Patient-23",
        "name": [
          {
            "given": [
              "AbsenceRightBreastRightMastectomy"
            ],
            "family": "DenexFail"
          }
        ],
        "birthDate": "1970-12-31",
        "gender": "female"
      }
    },
    {
      "resource": {
        "resourceType": "Coverage",
        "id": "Coverage-23-93",
        "policyHolder": {
          "reference": "Patient/Patient-23"
        },
        "period": {
          "start": "2020-10-01T00:00:00.000Z",
          "end": "2022-12-31T23:59:59.000Z"
        },
        "type": {
          "coding": [
            {
              "system": "http://terminology.hl7.org/ValueSet/v3-ActCoverageTypeCode",
              "code": "MCPOL"
            }
          ]
        }
      }
    },
    {
      "resource": {
        "resourceType": "Condition",
        "id": "Condition-23-94",
        "clinicalStatus": {
          "coding": [
            {
              "code": "active",
              "system": "http://terminology.hl7.org/CodeSystem/condition-clinical"
            }
          ]
        },
        "subject": {
          "reference": "Patient/Patient-23"
        },
        "code": {
          "coding": [
            {
              "system": "http://snomed.info/sct",
              "version": "2020.09.20AA",
              "code": "137681000119108",
              "display": "History of prophylactic mastectomy of right breast"
            }
          ]
        },
        "onsetDateTime": "2020-10-01T00:00:00.000Z",
        "abatementDateTime": "2020-10-01T23:59:59.000Z"
      }
    },
    {
      "resource": {
        "resourceType": "Procedure",
        "id": "Procedure-23-95",
        "subject": {
          "reference": "Patient/Patient-23"
        },
        "code": {
          "coding": [
            {
              "system": "http://snomed.info/sct",
              "version": "2020.09.20AA",
              "code": "429400009",
              "display": "Mastectomy of right breast"
            }
          ]
        },
        "performedDateTime": "2020-10-01T00:00:00.000Z",
        "status": "completed"
      }
    }
  ]
}