{
  "resourceType": "Bundle",
  "id": "Bundle-12",
  "entry": [
    {
      "resource": {
        "resourceType": "Patient",
        "id": "Patient-12",
        "name": [
          {
            "given": [
              "46DayGapIn2022"
            ],
            "family": "IPFail"
          }
        ],
        "birthDate": "1970-12-31",
        "gender": "female"
      }
    },
    {
      "resource": {
        "resourceType": "Coverage",
        "id": "Coverage-12-93",
        "policyHolder": {
          "reference": "Patient/Patient-12"
        },
        "period": {
          "start": "2020-10-01T00:00:00.000Z",
          "end": "2020-12-31T23:59:59.000Z"
        },
        "type": {
          "coding": [
            {
              "system": "http://terminology.hl7.org/ValueSet/v3-ActCoverageTypeCode",
              "code": "MCPOL"
            }
          ]
        }
      }
    },
    {
      "resource": {
        "resourceType": "Coverage",
        "id": "Coverage-12-94",
        "policyHolder": {
          "reference": "Patient/Patient-12"
        },
        "period": {
          "start": "2021-01-01T00:00:00.000Z",
          "end": "2021-11-16T23:59:59.000Z"
        },
        "type": {
          "coding": [
            {
              "system": "http://terminology.hl7.org/ValueSet/v3-ActCoverageTypeCode",
              "code": "MCPOL"
            }
          ]
        }
      }
    },
    {
      "resource": {
        "resourceType": "Coverage",
        "id": "Coverage-12-95",
        "policyHolder": {
          "reference": "Patient/Patient-12"
        },
        "period": {
          "start": "2022-02-16T00:00:00.000Z",
          "end": "2022-12-31T23:59:59.000Z"
        },
        "type": {
          "coding": [
            {
              "system": "http://terminology.hl7.org/ValueSet/v3-ActCoverageTypeCode",
              "code": "MCPOL"
            }
          ]
        }
      }
    }
  ]
}