{
  "resourceType": "CodeSystem",
  "id": "us-core-provenance-participant-type",
  "text": {
    "status": "generated",
    "div": "<div xmlns=\"http://www.w3.org/1999/xhtml\"><h2>US Core Provenance Participant Type Extension Codes</h2><div><p>Set of codes that are needed for implementation of the US-Core profiles. These codes are used as extensions to the FHIR and US Core value sets.</p>\n</div><p>This code system http://hl7.org/fhir/us/core/CodeSystem/us-core-provenance-participant-type defines the following codes:</p><table class=\"codes\"><tr><td style=\"white-space:nowrap\"><b>Code</b></td><td><b>Display</b></td><td><b>Definition</b></td></tr><tr><td style=\"white-space:nowrap\">transmitter<a name=\"us-core-provenance-participant-type-transmitter\"> </a></td><td>Transmitter</td><td>The entity that provided the copy to your system.</td></tr></table></div>"
  },
  "url": "http://hl7.org/fhir/us/core/CodeSystem/us-core-provenance-participant-type",
  "version": "3.1.0",
  "name": "USCoreProvenancePaticipantTypeExtensionCodes",
  "title": "US Core Provenance Participant Type Extension Codes",
  "status": "active",
  "date": "2019-11-06T12:37:38+11:00",
  "publisher": "HL7 US Realm Steering Committee",
  "description": "Set of codes that are needed for implementation of the US-Core profiles. These codes are used as extensions to the FHIR and US Core value sets.\n",
  "jurisdiction": [
    {
      "coding": [
        {
          "system": "urn:iso:std:iso:3166",
          "code": "US",
          "display": "United States of America"
        }
      ]
    }
  ],
  "caseSensitive": true,
  "content": "complete",
  "concept": [
    {
      "code": "transmitter",
      "display": "Transmitter",
      "definition": "The entity that provided the copy to your system."
    }
  ]
}