{
  "resourceType": "ValueSet",
  "id": "33035",
  "meta": {
    "lastUpdated": "2022-03-02T20:07:19.051-05:00"
  },
  "url": "https://www.ncqa.org/fhir/valueset/2.16.840.1.113883.3.464.1004.1044",
  "identifier": [
    {
      "value": "2.16.840.1.113883.3.464.1004.1044"
    }
  ],
  "version": "2022-03-31",
  "name": "Bipolar_Disorder",
  "title": "Bipolar Disorder",
  "status": "active",
  "expansion": {
    "timestamp": "2022-03-24T18:44:32-04:00",
    "total": 128,
    "offset": 0,
    "contains": [
      {
        "system": "http://snomed.info/sct",
        "version": "2021.09.21AA",
        "code": "371596008",
        "display": "Bipolar I disorder"
      },
      {
        "system": "http://snomed.info/sct",
        "version": "2021.09.21AA",
        "code": "29929003",
        "display": "Bipolar I disorder, most recent episode depressed with atypical features"
      },
      {
        "system": "http://snomed.info/sct",
        "version": "2021.09.21AA",
        "code": "21900002",
        "display": "Bipolar I disorder, most recent episode depressed with catatonic features"
      },
      {
        "system": "http://snomed.info/sct",
        "version": "2021.09.21AA",
        "code": "75752004",
        "display": "Bipolar I disorder, most recent episode depressed with melancholic features"
      },
      {
        "system": "http://snomed.info/sct",
        "version": "2021.09.21AA",
        "code": "87203005",
        "display": "Bipolar I disorder, most recent episode depressed with postpartum onset"
      },
      {
        "system": "http://snomed.info/sct",
        "version": "2021.09.21AA",
        "code": "767636002",
        "display": "Bipolar I disorder, most recent episode depression"
      },
      {
        "system": "http://snomed.info/sct",
        "version": "2021.09.21AA",
        "code": "31446002",
        "display": "Bipolar I disorder, most recent episode hypomanic"
      },
      {
        "system": "http://snomed.info/sct",
        "version": "2021.09.21AA",
        "code": "767635003",
        "display": "Bipolar I disorder, most recent episode manic"
      },
      {
        "system": "http://snomed.info/sct",
        "version": "2021.09.21AA",
        "code": "17782008",
        "display": "Bipolar I disorder, most recent episode manic with catatonic features"
      },
      {
        "system": "http://snomed.info/sct",
        "version": "2021.09.21AA",
        "code": "55516002",
        "display": "Bipolar I disorder, most recent episode manic with postpartum onset"
      },
      {
        "system": "http://snomed.info/sct",
        "version": "2021.09.21AA",
        "code": "73471000",
        "display": "Bipolar I disorder, most recent episode mixed with catatonic features"
      },
      {
        "system": "http://snomed.info/sct",
        "version": "2021.09.21AA",
        "code": "65042007",
        "display": "Bipolar I disorder, most recent episode mixed with postpartum onset"
      },
      {
        "system": "http://snomed.info/sct",
        "version": "2021.09.21AA",
        "code": "9340000",
        "display": "Bipolar I disorder, single manic episode"
      },
      {
        "system": "http://snomed.info/sct",
        "version": "2021.09.21AA",
        "code": "87950005",
        "display": "Bipolar I disorder, single manic episode with catatonic features"
      },
      {
        "system": "http://snomed.info/sct",
        "version": "2021.09.21AA",
        "code": "1499003",
        "display": "Bipolar I disorder, single manic episode with postpartum onset"
      },
      {
        "system": "http://snomed.info/sct",
        "version": "2021.09.21AA",
        "code": "3530005",
        "display": "Bipolar I disorder, single manic episode, in full remission"
      },
      {
        "system": "http://snomed.info/sct",
        "version": "2021.09.21AA",
        "code": "78269000",
        "display": "Bipolar I disorder, single manic episode, in partial remission"
      },
      {
        "system": "http://snomed.info/sct",
        "version": "2021.09.21AA",
        "code": "75360000",
        "display": "Bipolar I disorder, single manic episode, in remission"
      },
      {
        "system": "http://snomed.info/sct",
        "version": "2021.09.21AA",
        "code": "191627008",
        "display": "Bipolar affective disorder, current episode depression"
      },
      {
        "system": "http://snomed.info/sct",
        "version": "2021.09.21AA",
        "code": "191618007",
        "display": "Bipolar affective disorder, current episode manic"
      },
      {
        "system": "http://snomed.info/sct",
        "version": "2021.09.21AA",
        "code": "192362008",
        "display": "Bipolar affective disorder, current episode mixed"
      },
      {
        "system": "http://snomed.info/sct",
        "version": "2021.09.21AA",
        "code": "191634005",
        "display": "Bipolar affective disorder, currently depressed, in full remission"
      },
      {
        "system": "http://snomed.info/sct",
        "version": "2021.09.21AA",
        "code": "191629006",
        "display": "Bipolar affective disorder, currently depressed, mild"
      },
      {
        "system": "http://snomed.info/sct",
        "version": "2021.09.21AA",
        "code": "191630001",
        "display": "Bipolar affective disorder, currently depressed, moderate"
      },
      {
        "system": "http://snomed.info/sct",
        "version": "2021.09.21AA",
        "code": "191625000",
        "display": "Bipolar affective disorder, currently manic, in full remission"
      },
      {
        "system": "http://snomed.info/sct",
        "version": "2021.09.21AA",
        "code": "191620005",
        "display": "Bipolar affective disorder, currently manic, mild"
      },
      {
        "system": "http://snomed.info/sct",
        "version": "2021.09.21AA",
        "code": "191621009",
        "display": "Bipolar affective disorder, currently manic, moderate"
      },
      {
        "system": "http://snomed.info/sct",
        "version": "2021.09.21AA",
        "code": "191623007",
        "display": "Bipolar affective disorder, currently manic, severe, with psychosis"
      },
      {
        "system": "http://snomed.info/sct",
        "version": "2021.09.21AA",
        "code": "767633005",
        "display": "Bipolar affective disorder, most recent episode mixed"
      },
      {
        "system": "http://snomed.info/sct",
        "version": "2021.09.21AA",
        "code": "13746004",
        "display": "Bipolar disorder"
      },
      {
        "system": "http://snomed.info/sct",
        "version": "2021.09.21AA",
        "code": "16238741000119105",
        "display": "Bipolar disorder caused by drug"
      },
      {
        "system": "http://snomed.info/sct",
        "version": "2021.09.21AA",
        "code": "41836007",
        "display": "Bipolar disorder in full remission"
      },
      {
        "system": "http://snomed.info/sct",
        "version": "2021.09.21AA",
        "code": "5703000",
        "display": "Bipolar disorder in partial remission"
      },
      {
        "system": "http://snomed.info/sct",
        "version": "2021.09.21AA",
        "code": "85248005",
        "display": "Bipolar disorder in remission"
      },
      {
        "system": "http://snomed.info/sct",
        "version": "2021.09.21AA",
        "code": "767631007",
        "display": "Bipolar disorder, most recent episode depression"
      },
      {
        "system": "http://snomed.info/sct",
        "version": "2021.09.21AA",
        "code": "767632000",
        "display": "Bipolar disorder, most recent episode manic"
      },
      {
        "system": "http://snomed.info/sct",
        "version": "2021.09.21AA",
        "code": "723903001",
        "display": "Bipolar type I disorder currently in full remission"
      },
      {
        "system": "http://snomed.info/sct",
        "version": "2021.09.21AA",
        "code": "51637008",
        "display": "Chronic bipolar I disorder, most recent episode depressed"
      },
      {
        "system": "http://snomed.info/sct",
        "version": "2021.09.21AA",
        "code": "49468007",
        "display": "Depressed bipolar I disorder"
      },
      {
        "system": "http://snomed.info/sct",
        "version": "2021.09.21AA",
        "code": "22121000",
        "display": "Depressed bipolar I disorder in full remission"
      },
      {
        "system": "http://snomed.info/sct",
        "version": "2021.09.21AA",
        "code": "49512000",
        "display": "Depressed bipolar I disorder in partial remission"
      },
      {
        "system": "http://snomed.info/sct",
        "version": "2021.09.21AA",
        "code": "53607008",
        "display": "Depressed bipolar I disorder in remission"
      },
      {
        "system": "http://snomed.info/sct",
        "version": "2021.09.21AA",
        "code": "68569003",
        "display": "Manic bipolar I disorder"
      },
      {
        "system": "http://snomed.info/sct",
        "version": "2021.09.21AA",
        "code": "30935000",
        "display": "Manic bipolar I disorder in full remission"
      },
      {
        "system": "http://snomed.info/sct",
        "version": "2021.09.21AA",
        "code": "63249007",
        "display": "Manic bipolar I disorder in partial remission"
      },
      {
        "system": "http://snomed.info/sct",
        "version": "2021.09.21AA",
        "code": "45479006",
        "display": "Manic bipolar I disorder in remission"
      },
      {
        "system": "http://snomed.info/sct",
        "version": "2021.09.21AA",
        "code": "41552001",
        "display": "Mild bipolar I disorder, single manic episode"
      },
      {
        "system": "http://snomed.info/sct",
        "version": "2021.09.21AA",
        "code": "13313007",
        "display": "Mild bipolar disorder"
      },
      {
        "system": "http://snomed.info/sct",
        "version": "2021.09.21AA",
        "code": "74686005",
        "display": "Mild depressed bipolar I disorder"
      },
      {
        "system": "http://snomed.info/sct",
        "version": "2021.09.21AA",
        "code": "71984005",
        "display": "Mild manic bipolar I disorder"
      },
      {
        "system": "http://snomed.info/sct",
        "version": "2021.09.21AA",
        "code": "43769008",
        "display": "Mild mixed bipolar I disorder"
      },
      {
        "system": "http://snomed.info/sct",
        "version": "2021.09.21AA",
        "code": "16506000",
        "display": "Mixed bipolar I disorder"
      },
      {
        "system": "http://snomed.info/sct",
        "version": "2021.09.21AA",
        "code": "111485001",
        "display": "Mixed bipolar I disorder in full remission"
      },
      {
        "system": "http://snomed.info/sct",
        "version": "2021.09.21AA",
        "code": "36583000",
        "display": "Mixed bipolar I disorder in partial remission"
      },
      {
        "system": "http://snomed.info/sct",
        "version": "2021.09.21AA",
        "code": "35481005",
        "display": "Mixed bipolar I disorder in remission"
      },
      {
        "system": "http://snomed.info/sct",
        "version": "2021.09.21AA",
        "code": "191636007",
        "display": "Mixed bipolar affective disorder"
      },
      {
        "system": "http://snomed.info/sct",
        "version": "2021.09.21AA",
        "code": "191643001",
        "display": "Mixed bipolar affective disorder, in full remission"
      },
      {
        "system": "http://snomed.info/sct",
        "version": "2021.09.21AA",
        "code": "191638008",
        "display": "Mixed bipolar affective disorder, mild"
      },
      {
        "system": "http://snomed.info/sct",
        "version": "2021.09.21AA",
        "code": "191639000",
        "display": "Mixed bipolar affective disorder, moderate"
      },
      {
        "system": "http://snomed.info/sct",
        "version": "2021.09.21AA",
        "code": "191641004",
        "display": "Mixed bipolar affective disorder, severe, with psychosis"
      },
      {
        "system": "http://snomed.info/sct",
        "version": "2021.09.21AA",
        "code": "28884001",
        "display": "Moderate bipolar I disorder, single manic episode"
      },
      {
        "system": "http://snomed.info/sct",
        "version": "2021.09.21AA",
        "code": "79584002",
        "display": "Moderate bipolar disorder"
      },
      {
        "system": "http://snomed.info/sct",
        "version": "2021.09.21AA",
        "code": "66631006",
        "display": "Moderate depressed bipolar I disorder"
      },
      {
        "system": "http://snomed.info/sct",
        "version": "2021.09.21AA",
        "code": "82998009",
        "display": "Moderate manic bipolar I disorder"
      },
      {
        "system": "http://snomed.info/sct",
        "version": "2021.09.21AA",
        "code": "40926005",
        "display": "Moderate mixed bipolar I disorder"
      },
      {
        "system": "http://snomed.info/sct",
        "version": "2021.09.21AA",
        "code": "231444002",
        "display": "Organic bipolar disorder"
      },
      {
        "system": "http://snomed.info/sct",
        "version": "2021.09.21AA",
        "code": "765176007",
        "display": "Psychosis and severe depression co-occurrent and due to bipolar affective disorder"
      },
      {
        "system": "http://snomed.info/sct",
        "version": "2021.09.21AA",
        "code": "133091000119105",
        "display": "Rapid cycling bipolar I disorder"
      },
      {
        "system": "http://snomed.info/sct",
        "version": "2021.09.21AA",
        "code": "38368003",
        "display": "Schizoaffective disorder, bipolar type"
      },
      {
        "system": "http://snomed.info/sct",
        "version": "2021.09.21AA",
        "code": "371599001",
        "display": "Severe bipolar I disorder"
      },
      {
        "system": "http://snomed.info/sct",
        "version": "2021.09.21AA",
        "code": "41832009",
        "display": "Severe bipolar I disorder, single manic episode with psychotic features"
      },
      {
        "system": "http://snomed.info/sct",
        "version": "2021.09.21AA",
        "code": "13581000",
        "display": "Severe bipolar I disorder, single manic episode with psychotic features, mood-congruent"
      },
      {
        "system": "http://snomed.info/sct",
        "version": "2021.09.21AA",
        "code": "86058007",
        "display": "Severe bipolar I disorder, single manic episode with psychotic features, mood-incongruent"
      },
      {
        "system": "http://snomed.info/sct",
        "version": "2021.09.21AA",
        "code": "14495005",
        "display": "Severe bipolar I disorder, single manic episode without psychotic features"
      },
      {
        "system": "http://snomed.info/sct",
        "version": "2021.09.21AA",
        "code": "371600003",
        "display": "Severe bipolar disorder"
      },
      {
        "system": "http://snomed.info/sct",
        "version": "2021.09.21AA",
        "code": "4441000",
        "display": "Severe bipolar disorder with psychotic features"
      },
      {
        "system": "http://snomed.info/sct",
        "version": "2021.09.21AA",
        "code": "70546001",
        "display": "Severe bipolar disorder with psychotic features, mood-congruent"
      },
      {
        "system": "http://snomed.info/sct",
        "version": "2021.09.21AA",
        "code": "26530004",
        "display": "Severe bipolar disorder with psychotic features, mood-incongruent"
      },
      {
        "system": "http://snomed.info/sct",
        "version": "2021.09.21AA",
        "code": "53049002",
        "display": "Severe bipolar disorder without psychotic features"
      },
      {
        "system": "http://snomed.info/sct",
        "version": "2021.09.21AA",
        "code": "261000119107",
        "display": "Severe depressed bipolar I disorder"
      },
      {
        "system": "http://snomed.info/sct",
        "version": "2021.09.21AA",
        "code": "59617007",
        "display": "Severe depressed bipolar I disorder with psychotic features"
      },
      {
        "system": "http://snomed.info/sct",
        "version": "2021.09.21AA",
        "code": "54761006",
        "display": "Severe depressed bipolar I disorder with psychotic features, mood-congruent"
      },
      {
        "system": "http://snomed.info/sct",
        "version": "2021.09.21AA",
        "code": "26203008",
        "display": "Severe depressed bipolar I disorder with psychotic features, mood-incongruent"
      },
      {
        "system": "http://snomed.info/sct",
        "version": "2021.09.21AA",
        "code": "61403008",
        "display": "Severe depressed bipolar I disorder without psychotic features"
      },
      {
        "system": "http://snomed.info/sct",
        "version": "2021.09.21AA",
        "code": "23741000119105",
        "display": "Severe manic bipolar I disorder"
      },
      {
        "system": "http://snomed.info/sct",
        "version": "2021.09.21AA",
        "code": "28663008",
        "display": "Severe manic bipolar I disorder with psychotic features"
      },
      {
        "system": "http://snomed.info/sct",
        "version": "2021.09.21AA",
        "code": "78640000",
        "display": "Severe manic bipolar I disorder with psychotic features, mood-congruent"
      },
      {
        "system": "http://snomed.info/sct",
        "version": "2021.09.21AA",
        "code": "33380008",
        "display": "Severe manic bipolar I disorder with psychotic features, mood-incongruent"
      },
      {
        "system": "http://snomed.info/sct",
        "version": "2021.09.21AA",
        "code": "162004",
        "display": "Severe manic bipolar I disorder without psychotic features"
      },
      {
        "system": "http://snomed.info/sct",
        "version": "2021.09.21AA",
        "code": "271000119101",
        "display": "Severe mixed bipolar I disorder"
      },
      {
        "system": "http://snomed.info/sct",
        "version": "2021.09.21AA",
        "code": "10981006",
        "display": "Severe mixed bipolar I disorder with psychotic features"
      },
      {
        "system": "http://snomed.info/sct",
        "version": "2021.09.21AA",
        "code": "64731001",
        "display": "Severe mixed bipolar I disorder with psychotic features, mood-congruent"
      },
      {
        "system": "http://snomed.info/sct",
        "version": "2021.09.21AA",
        "code": "10875004",
        "display": "Severe mixed bipolar I disorder with psychotic features, mood-incongruent"
      },
      {
        "system": "http://snomed.info/sct",
        "version": "2021.09.21AA",
        "code": "46229002",
        "display": "Severe mixed bipolar I disorder without psychotic features"
      },
      {
        "system": "http://hl7.org/fhir/sid/icd-10-cm",
        "version": "2022.1.21AA",
        "code": "F30.10",
        "display": "Manic episode without psychotic symptoms, unspecified"
      },
      {
        "system": "http://hl7.org/fhir/sid/icd-10-cm",
        "version": "2022.1.21AA",
        "code": "F30.11",
        "display": "Manic episode without psychotic symptoms, mild"
      },
      {
        "system": "http://hl7.org/fhir/sid/icd-10-cm",
        "version": "2022.1.21AA",
        "code": "F30.12",
        "display": "Manic episode without psychotic symptoms, moderate"
      },
      {
        "system": "http://hl7.org/fhir/sid/icd-10-cm",
        "version": "2022.1.21AA",
        "code": "F30.13",
        "display": "Manic episode, severe, without psychotic symptoms"
      },
      {
        "system": "http://hl7.org/fhir/sid/icd-10-cm",
        "version": "2022.1.21AA",
        "code": "F30.2",
        "display": "Manic episode, severe with psychotic symptoms"
      },
      {
        "system": "http://hl7.org/fhir/sid/icd-10-cm",
        "version": "2022.1.21AA",
        "code": "F30.3",
        "display": "Manic episode in partial remission"
      },
      {
        "system": "http://hl7.org/fhir/sid/icd-10-cm",
        "version": "2022.1.21AA",
        "code": "F30.4",
        "display": "Manic episode in full remission"
      },
      {
        "system": "http://hl7.org/fhir/sid/icd-10-cm",
        "version": "2022.1.21AA",
        "code": "F30.8",
        "display": "Other manic episodes"
      },
      {
        "system": "http://hl7.org/fhir/sid/icd-10-cm",
        "version": "2022.1.21AA",
        "code": "F30.9",
        "display": "Manic episode, unspecified"
      },
      {
        "system": "http://hl7.org/fhir/sid/icd-10-cm",
        "version": "2022.1.21AA",
        "code": "F31.0",
        "display": "Bipolar disorder, current episode hypomanic"
      },
      {
        "system": "http://hl7.org/fhir/sid/icd-10-cm",
        "version": "2022.1.21AA",
        "code": "F31.10",
        "display": "Bipolar disorder, current episode manic without psychotic features, unspecified"
      },
      {
        "system": "http://hl7.org/fhir/sid/icd-10-cm",
        "version": "2022.1.21AA",
        "code": "F31.11",
        "display": "Bipolar disorder, current episode manic without psychotic features, mild"
      },
      {
        "system": "http://hl7.org/fhir/sid/icd-10-cm",
        "version": "2022.1.21AA",
        "code": "F31.12",
        "display": "Bipolar disorder, current episode manic without psychotic features, moderate"
      },
      {
        "system": "http://hl7.org/fhir/sid/icd-10-cm",
        "version": "2022.1.21AA",
        "code": "F31.13",
        "display": "Bipolar disorder, current episode manic without psychotic features, severe"
      },
      {
        "system": "http://hl7.org/fhir/sid/icd-10-cm",
        "version": "2022.1.21AA",
        "code": "F31.2",
        "display": "Bipolar disorder, current episode manic severe with psychotic features"
      },
      {
        "system": "http://hl7.org/fhir/sid/icd-10-cm",
        "version": "2022.1.21AA",
        "code": "F31.30",
        "display": "Bipolar disorder, current episode depressed, mild or moderate severity, unspecified"
      },
      {
        "system": "http://hl7.org/fhir/sid/icd-10-cm",
        "version": "2022.1.21AA",
        "code": "F31.31",
        "display": "Bipolar disorder, current episode depressed, mild"
      },
      {
        "system": "http://hl7.org/fhir/sid/icd-10-cm",
        "version": "2022.1.21AA",
        "code": "F31.32",
        "display": "Bipolar disorder, current episode depressed, moderate"
      },
      {
        "system": "http://hl7.org/fhir/sid/icd-10-cm",
        "version": "2022.1.21AA",
        "code": "F31.4",
        "display": "Bipolar disorder, current episode depressed, severe, without psychotic features"
      },
      {
        "system": "http://hl7.org/fhir/sid/icd-10-cm",
        "version": "2022.1.21AA",
        "code": "F31.5",
        "display": "Bipolar disorder, current episode depressed, severe, with psychotic features"
      },
      {
        "system": "http://hl7.org/fhir/sid/icd-10-cm",
        "version": "2022.1.21AA",
        "code": "F31.60",
        "display": "Bipolar disorder, current episode mixed, unspecified"
      },
      {
        "system": "http://hl7.org/fhir/sid/icd-10-cm",
        "version": "2022.1.21AA",
        "code": "F31.61",
        "display": "Bipolar disorder, current episode mixed, mild"
      },
      {
        "system": "http://hl7.org/fhir/sid/icd-10-cm",
        "version": "2022.1.21AA",
        "code": "F31.62",
        "display": "Bipolar disorder, current episode mixed, moderate"
      },
      {
        "system": "http://hl7.org/fhir/sid/icd-10-cm",
        "version": "2022.1.21AA",
        "code": "F31.63",
        "display": "Bipolar disorder, current episode mixed, severe, without psychotic features"
      },
      {
        "system": "http://hl7.org/fhir/sid/icd-10-cm",
        "version": "2022.1.21AA",
        "code": "F31.64",
        "display": "Bipolar disorder, current episode mixed, severe, with psychotic features"
      },
      {
        "system": "http://hl7.org/fhir/sid/icd-10-cm",
        "version": "2022.1.21AA",
        "code": "F31.70",
        "display": "Bipolar disorder, currently in remission, most recent episode unspecified"
      },
      {
        "system": "http://hl7.org/fhir/sid/icd-10-cm",
        "version": "2022.1.21AA",
        "code": "F31.71",
        "display": "Bipolar disorder, in partial remission, most recent episode hypomanic"
      },
      {
        "system": "http://hl7.org/fhir/sid/icd-10-cm",
        "version": "2022.1.21AA",
        "code": "F31.72",
        "display": "Bipolar disorder, in full remission, most recent episode hypomanic"
      },
      {
        "system": "http://hl7.org/fhir/sid/icd-10-cm",
        "version": "2022.1.21AA",
        "code": "F31.73",
        "display": "Bipolar disorder, in partial remission, most recent episode manic"
      },
      {
        "system": "http://hl7.org/fhir/sid/icd-10-cm",
        "version": "2022.1.21AA",
        "code": "F31.74",
        "display": "Bipolar disorder, in full remission, most recent episode manic"
      },
      {
        "system": "http://hl7.org/fhir/sid/icd-10-cm",
        "version": "2022.1.21AA",
        "code": "F31.75",
        "display": "Bipolar disorder, in partial remission, most recent episode depressed"
      },
      {
        "system": "http://hl7.org/fhir/sid/icd-10-cm",
        "version": "2022.1.21AA",
        "code": "F31.76",
        "display": "Bipolar disorder, in full remission, most recent episode depressed"
      },
      {
        "system": "http://hl7.org/fhir/sid/icd-10-cm",
        "version": "2022.1.21AA",
        "code": "F31.77",
        "display": "Bipolar disorder, in partial remission, most recent episode mixed"
      },
      {
        "system": "http://hl7.org/fhir/sid/icd-10-cm",
        "version": "2022.1.21AA",
        "code": "F31.78",
        "display": "Bipolar disorder, in full remission, most recent episode mixed"
      }
    ]
  }
}