{
  "resourceType": "ValueSet",
  "id": "33088",
  "meta": {
    "lastUpdated": "2022-03-02T21:03:33.667-05:00"
  },
  "url": "https://www.ncqa.org/fhir/valueset/2.16.840.1.113883.3.464.1004.1347",
  "identifier": [
    {
      "value": "2.16.840.1.113883.3.464.1004.1347"
    }
  ],
  "version": "2022-03-31",
  "name": "Interactive_Outpatient_Encounter",
  "title": "Interactive Outpatient Encounter",
  "status": "active",
  "expansion": {
    "timestamp": "2022-03-24T18:44:34-04:00",
    "total": 164,
    "offset": 0,
    "contains": [
      {
        "system": "https://www.nubc.org/CodeSystem/RevenueCodes",
        "version": "2012.05",
        "code": "0510",
        "display": "General"
      },
      {
        "system": "https://www.nubc.org/CodeSystem/RevenueCodes",
        "version": "2012.05",
        "code": "0513",
        "display": "Psychiatric clinic"
      },
      {
        "system": "https://www.nubc.org/CodeSystem/RevenueCodes",
        "version": "2012.05",
        "code": "0516",
        "display": "Urgent care clinic"
      },
      {
        "system": "https://www.nubc.org/CodeSystem/RevenueCodes",
        "version": "2012.05",
        "code": "0517",
        "display": "Family practice clinic"
      },
      {
        "system": "https://www.nubc.org/CodeSystem/RevenueCodes",
        "version": "2012.05",
        "code": "0519",
        "display": "Other clinic"
      },
      {
        "system": "https://www.nubc.org/CodeSystem/RevenueCodes",
        "version": "2012.05",
        "code": "0520",
        "display": "General"
      },
      {
        "system": "https://www.nubc.org/CodeSystem/RevenueCodes",
        "version": "2012.05",
        "code": "0521",
        "display": "Clinic visit by member to RHC/FQHC"
      },
      {
        "system": "https://www.nubc.org/CodeSystem/RevenueCodes",
        "version": "2012.05",
        "code": "0522",
        "display": "Home visit by RHC/FQHC practitioner"
      },
      {
        "system": "https://www.nubc.org/CodeSystem/RevenueCodes",
        "version": "2012.05",
        "code": "0523",
        "display": "Family practice clinic"
      },
      {
        "system": "https://www.nubc.org/CodeSystem/RevenueCodes",
        "version": "2012.05",
        "code": "0526",
        "display": "Urgent care clinic"
      },
      {
        "system": "https://www.nubc.org/CodeSystem/RevenueCodes",
        "version": "2012.05",
        "code": "0527",
        "display": "Visit nurse service to a member’s home in a home health shortage area"
      },
      {
        "system": "https://www.nubc.org/CodeSystem/RevenueCodes",
        "version": "2012.05",
        "code": "0528",
        "display": "Visit by RHC/FQHC practitioner to other non-RHC/FQHC site (e.g., scene of accident)"
      },
      {
        "system": "https://www.nubc.org/CodeSystem/RevenueCodes",
        "version": "2012.05",
        "code": "0529",
        "display": "Other freestanding clinic"
      },
      {
        "system": "https://www.nubc.org/CodeSystem/RevenueCodes",
        "version": "2012.05",
        "code": "0900",
        "display": "General"
      },
      {
        "system": "https://www.nubc.org/CodeSystem/RevenueCodes",
        "version": "2012.05",
        "code": "0901",
        "display": "Electroshock treatment (ECT)"
      },
      {
        "system": "https://www.nubc.org/CodeSystem/RevenueCodes",
        "version": "2012.05",
        "code": "0902",
        "display": "Milieu therapy"
      },
      {
        "system": "https://www.nubc.org/CodeSystem/RevenueCodes",
        "version": "2012.05",
        "code": "0903",
        "display": "Play therapy"
      },
      {
        "system": "https://www.nubc.org/CodeSystem/RevenueCodes",
        "version": "2012.05",
        "code": "0904",
        "display": "Activity therapy"
      },
      {
        "system": "https://www.nubc.org/CodeSystem/RevenueCodes",
        "version": "2012.05",
        "code": "0905",
        "display": "Intensive outpatient services-psychiatric"
      },
      {
        "system": "https://www.nubc.org/CodeSystem/RevenueCodes",
        "version": "2012.05",
        "code": "0907",
        "display": "Community behavioral health program (day treatment)"
      },
      {
        "system": "https://www.nubc.org/CodeSystem/RevenueCodes",
        "version": "2012.05",
        "code": "0911",
        "display": "Rehabilitation"
      },
      {
        "system": "https://www.nubc.org/CodeSystem/RevenueCodes",
        "version": "2012.05",
        "code": "0912",
        "display": "Partial hospitalization-less intensive"
      },
      {
        "system": "https://www.nubc.org/CodeSystem/RevenueCodes",
        "version": "2012.05",
        "code": "0913",
        "display": "Partial hospitalization-intensive"
      },
      {
        "system": "https://www.nubc.org/CodeSystem/RevenueCodes",
        "version": "2012.05",
        "code": "0914",
        "display": "Individual therapy"
      },
      {
        "system": "https://www.nubc.org/CodeSystem/RevenueCodes",
        "version": "2012.05",
        "code": "0915",
        "display": "Group therapy"
      },
      {
        "system": "https://www.nubc.org/CodeSystem/RevenueCodes",
        "version": "2012.05",
        "code": "0916",
        "display": "Family therapy"
      },
      {
        "system": "https://www.nubc.org/CodeSystem/RevenueCodes",
        "version": "2012.05",
        "code": "0917",
        "display": "Biofeedback"
      },
      {
        "system": "https://www.nubc.org/CodeSystem/RevenueCodes",
        "version": "2012.05",
        "code": "0919",
        "display": "Other Behavioral health treatments"
      },
      {
        "system": "https://www.nubc.org/CodeSystem/RevenueCodes",
        "version": "2012.05",
        "code": "0982",
        "display": "Outpatient services"
      },
      {
        "system": "https://www.nubc.org/CodeSystem/RevenueCodes",
        "version": "2012.05",
        "code": "0983",
        "display": "Clinic"
      },
      {
        "system": "https://www.cms.gov/Medicare/Coding/HCPCSReleaseCodeSets",
        "version": "2022.1.21AB",
        "code": "G0176",
        "display": "Activity therapy, such as music, dance, art or play therapies not for recreation, related to the care and treatment of patient's disabling mental health problems, per session (45 minutes or more)"
      },
      {
        "system": "https://www.cms.gov/Medicare/Coding/HCPCSReleaseCodeSets",
        "version": "2022.1.21AB",
        "code": "H0040",
        "display": "Assertive community treatment program, per diem"
      },
      {
        "system": "https://www.cms.gov/Medicare/Coding/HCPCSReleaseCodeSets",
        "version": "2022.1.21AB",
        "code": "H0039",
        "display": "Assertive community treatment, face-to-face, per 15 minutes"
      },
      {
        "system": "http://www.ama-assn.org/go/cpt",
        "version": "2022.2.21AB",
        "code": "99483",
        "display": "Assessment of and care planning for a patient with cognitive impairment, requiring an independent historian, in the office or other outpatient, home or domiciliary or rest home, with all of the following required elements: Cognition-focused evaluation including a pertinent history and examination, Medical decision making of moderate or high complexity, Functional assessment (eg, basic and instrumental activities of daily living), including decision-making capacity, Use of standardized instruments for staging of dementia (eg, functional assessment staging test [FAST], clinical dementia rating [CDR]), Medication reconciliation and review for high-risk medications, Evaluation for neuropsychiatric and behavioral symptoms, including"
      },
      {
        "system": "https://www.cms.gov/Medicare/Coding/HCPCSReleaseCodeSets",
        "version": "2022.1.21AB",
        "code": "H0004",
        "display": "Behavioral health counseling and therapy, per 15 minutes"
      },
      {
        "system": "https://www.cms.gov/Medicare/Coding/HCPCSReleaseCodeSets",
        "version": "2022.1.21AB",
        "code": "H2012",
        "display": "Behavioral health day treatment, per hour"
      },
      {
        "system": "https://www.cms.gov/Medicare/Coding/HCPCSReleaseCodeSets",
        "version": "2022.1.21AB",
        "code": "H0002",
        "display": "Behavioral health screening to determine eligibility for admission to treatment program"
      },
      {
        "system": "https://www.cms.gov/Medicare/Coding/HCPCSReleaseCodeSets",
        "version": "2022.1.21AB",
        "code": "G2012",
        "display": "Brief communication technology-based service, e.g. virtual check-in, by a physician or other qualified health care professional who can report evaluation and management services, provided to an established patient, not originating from a related e/m service provided within the previous 7 days nor leading to an e/m service or procedure within the next 24 hours or soonest available appointment; 5-10 minutes of medical discussion"
      },
      {
        "system": "https://www.cms.gov/Medicare/Coding/HCPCSReleaseCodeSets",
        "version": "2022.1.21AB",
        "code": "T1015",
        "display": "Clinic visit/encounter, all-inclusive"
      },
      {
        "system": "https://www.cms.gov/Medicare/Coding/HCPCSReleaseCodeSets",
        "version": "2022.1.21AB",
        "code": "H0037",
        "display": "Community psychiatric supportive treatment program, per diem"
      },
      {
        "system": "https://www.cms.gov/Medicare/Coding/HCPCSReleaseCodeSets",
        "version": "2022.1.21AB",
        "code": "H0036",
        "display": "Community psychiatric supportive treatment, face-to-face, per 15 minutes"
      },
      {
        "system": "https://www.cms.gov/Medicare/Coding/HCPCSReleaseCodeSets",
        "version": "2022.1.21AB",
        "code": "H2015",
        "display": "Comprehensive community support services, per 15 minutes"
      },
      {
        "system": "https://www.cms.gov/Medicare/Coding/HCPCSReleaseCodeSets",
        "version": "2022.1.21AB",
        "code": "H2016",
        "display": "Comprehensive community support services, per diem"
      },
      {
        "system": "https://www.cms.gov/Medicare/Coding/HCPCSReleaseCodeSets",
        "version": "2022.1.21AB",
        "code": "H2010",
        "display": "Comprehensive medication services, per 15 minutes"
      },
      {
        "system": "https://www.cms.gov/Medicare/Coding/HCPCSReleaseCodeSets",
        "version": "2022.1.21AB",
        "code": "H2000",
        "display": "Comprehensive multidisciplinary evaluation"
      },
      {
        "system": "https://www.cms.gov/Medicare/Coding/HCPCSReleaseCodeSets",
        "version": "2022.1.21AB",
        "code": "S9485",
        "display": "Crisis intervention mental health services, per diem"
      },
      {
        "system": "https://www.cms.gov/Medicare/Coding/HCPCSReleaseCodeSets",
        "version": "2022.1.21AB",
        "code": "S9484",
        "display": "Crisis intervention mental health services, per hour"
      },
      {
        "system": "https://www.cms.gov/Medicare/Coding/HCPCSReleaseCodeSets",
        "version": "2022.1.21AB",
        "code": "H2011",
        "display": "Crisis intervention service, per 15 minutes"
      },
      {
        "system": "http://www.ama-assn.org/go/cpt",
        "version": "2022.2.21AB",
        "code": "98961",
        "display": "Education and training for patient self-management by a qualified, nonphysician health care professional using a standardized curriculum, face-to-face with the patient (could include caregiver/family) each 30 minutes; 2-4 patients"
      },
      {
        "system": "http://www.ama-assn.org/go/cpt",
        "version": "2022.2.21AB",
        "code": "98962",
        "display": "Education and training for patient self-management by a qualified, nonphysician health care professional using a standardized curriculum, face-to-face with the patient (could include caregiver/family) each 30 minutes; 5-8 patients"
      },
      {
        "system": "http://www.ama-assn.org/go/cpt",
        "version": "2022.2.21AB",
        "code": "98960",
        "display": "Education and training for patient self-management by a qualified, nonphysician health care professional using a standardized curriculum, face-to-face with the patient (could include caregiver/family) each 30 minutes; individual patient"
      },
      {
        "system": "http://snomed.info/sct",
        "version": "2021.09.21AA",
        "code": "185349003",
        "display": "Encounter for check up"
      },
      {
        "system": "http://snomed.info/sct",
        "version": "2021.09.21AA",
        "code": "390906007",
        "display": "Follow-up encounter"
      },
      {
        "system": "https://www.cms.gov/Medicare/Coding/HCPCSReleaseCodeSets",
        "version": "2022.1.21AB",
        "code": "G0410",
        "display": "Group psychotherapy other than of a multiple-family group, in a partial hospitalization setting, approximately 45 to 50 minutes"
      },
      {
        "system": "http://snomed.info/sct",
        "version": "2021.09.21AA",
        "code": "439708006",
        "display": "Home visit"
      },
      {
        "system": "http://www.ama-assn.org/go/cpt",
        "version": "2022.2.21AB",
        "code": "99510",
        "display": "Home visit for individual, family, or marriage counseling"
      },
      {
        "system": "http://www.ama-assn.org/go/cpt",
        "version": "2022.2.21AB",
        "code": "99345",
        "display": "Home visit for the evaluation and management of a new patient, which requires these 3 key components: A comprehensive history; A comprehensive examination; and Medical decision making of high complexity. Counseling and/or coordination of care with other physicians, other qualified health care professionals, or agencies are provided consistent with the nature of the problem(s) and the patient's and/or family's needs. Usually, the patient is unstable or has developed a significant new problem requiring immediate physician attention. Typically, 75 minutes are spent face-to-face with the patient and/or family."
      },
      {
        "system": "http://www.ama-assn.org/go/cpt",
        "version": "2022.2.21AB",
        "code": "99344",
        "display": "Home visit for the evaluation and management of a new patient, which requires these 3 key components: A comprehensive history; A comprehensive examination; and Medical decision making of moderate complexity. Counseling and/or coordination of care with other physicians, other qualified health care professionals, or agencies are provided consistent with the nature of the problem(s) and the patient's and/or family's needs. Usually, the presenting problem(s) are of high severity. Typically, 60 minutes are spent face-to-face with the patient and/or family."
      },
      {
        "system": "http://www.ama-assn.org/go/cpt",
        "version": "2022.2.21AB",
        "code": "99343",
        "display": "Home visit for the evaluation and management of a new patient, which requires these 3 key components: A detailed history; A detailed examination; and Medical decision making of moderate complexity. Counseling and/or coordination of care with other physicians, other qualified health care professionals, or agencies are provided consistent with the nature of the problem(s) and the patient's and/or family's needs. Usually, the presenting problem(s) are of moderate to high severity. Typically, 45 minutes are spent face-to-face with the patient and/or family."
      },
      {
        "system": "http://www.ama-assn.org/go/cpt",
        "version": "2022.2.21AB",
        "code": "99341",
        "display": "Home visit for the evaluation and management of a new patient, which requires these 3 key components: A problem focused history; A problem focused examination; and Straightforward medical decision making. Counseling and/or coordination of care with other physicians, other qualified health care professionals, or agencies are provided consistent with the nature of the problem(s) and the patient's and/or family's needs. Usually, the presenting problem(s) are of low severity. Typically, 20 minutes are spent face-to-face with the patient and/or family."
      },
      {
        "system": "http://www.ama-assn.org/go/cpt",
        "version": "2022.2.21AB",
        "code": "99342",
        "display": "Home visit for the evaluation and management of a new patient, which requires these 3 key components: An expanded problem focused history; An expanded problem focused examination; and Medical decision making of low complexity. Counseling and/or coordination of care with other physicians, other qualified health care professionals, or agencies are provided consistent with the nature of the problem(s) and the patient's and/or family's needs. Usually, the presenting problem(s) are of moderate severity. Typically, 30 minutes are spent face-to-face with the patient and/or family."
      },
      {
        "system": "http://www.ama-assn.org/go/cpt",
        "version": "2022.2.21AB",
        "code": "99350",
        "display": "Home visit for the evaluation and management of an established patient, which requires at least 2 of these 3 key components: A comprehensive interval history; A comprehensive examination; Medical decision making of moderate to high complexity. Counseling and/or coordination of care with other physicians, other qualified health care professionals, or agencies are provided consistent with the nature of the problem(s) and the patient's and/or family's needs. Usually, the presenting problem(s) are of moderate to high severity. The patient may be unstable or may have developed a significant new problem requiring immediate physician attention. Typically, 60 minutes are spent face-to-face with the patient and/or family."
      },
      {
        "system": "http://www.ama-assn.org/go/cpt",
        "version": "2022.2.21AB",
        "code": "99349",
        "display": "Home visit for the evaluation and management of an established patient, which requires at least 2 of these 3 key components: A detailed interval history; A detailed examination; Medical decision making of moderate complexity. Counseling and/or coordination of care with other physicians, other qualified health care professionals, or agencies are provided consistent with the nature of the problem(s) and the patient's and/or family's needs. Usually, the presenting problem(s) are moderate to high severity. Typically, 40 minutes are spent face-to-face with the patient and/or family."
      },
      {
        "system": "http://www.ama-assn.org/go/cpt",
        "version": "2022.2.21AB",
        "code": "99347",
        "display": "Home visit for the evaluation and management of an established patient, which requires at least 2 of these 3 key components: A problem focused interval history; A problem focused examination; Straightforward medical decision making. Counseling and/or coordination of care with other physicians, other qualified health care professionals, or agencies are provided consistent with the nature of the problem(s) and the patient's and/or family's needs. Usually, the presenting problem(s) are self limited or minor. Typically, 15 minutes are spent face-to-face with the patient and/or family."
      },
      {
        "system": "http://www.ama-assn.org/go/cpt",
        "version": "2022.2.21AB",
        "code": "99348",
        "display": "Home visit for the evaluation and management of an established patient, which requires at least 2 of these 3 key components: An expanded problem focused interval history; An expanded problem focused examination; Medical decision making of low complexity. Counseling and/or coordination of care with other physicians, other qualified health care professionals, or agencies are provided consistent with the nature of the problem(s) and the patient's and/or family's needs. Usually, the presenting problem(s) are of low to moderate severity. Typically, 25 minutes are spent face-to-face with the patient and/or family."
      },
      {
        "system": "https://www.cms.gov/Medicare/Coding/HCPCSReleaseCodeSets",
        "version": "2022.1.21AB",
        "code": "G0463",
        "display": "Hospital outpatient clinic visit for assessment and management of a patient"
      },
      {
        "system": "http://www.ama-assn.org/go/cpt",
        "version": "2022.2.21AB",
        "code": "99385",
        "display": "Initial comprehensive preventive medicine evaluation and management of an individual including an age and gender appropriate history, examination, counseling/anticipatory guidance/risk factor reduction interventions, and the ordering of laboratory/diagnostic procedures, new patient; 18-39 years"
      },
      {
        "system": "http://www.ama-assn.org/go/cpt",
        "version": "2022.2.21AB",
        "code": "99386",
        "display": "Initial comprehensive preventive medicine evaluation and management of an individual including an age and gender appropriate history, examination, counseling/anticipatory guidance/risk factor reduction interventions, and the ordering of laboratory/diagnostic procedures, new patient; 40-64 years"
      },
      {
        "system": "http://www.ama-assn.org/go/cpt",
        "version": "2022.2.21AB",
        "code": "99387",
        "display": "Initial comprehensive preventive medicine evaluation and management of an individual including an age and gender appropriate history, examination, counseling/anticipatory guidance/risk factor reduction interventions, and the ordering of laboratory/diagnostic procedures, new patient; 65 years and older"
      },
      {
        "system": "http://www.ama-assn.org/go/cpt",
        "version": "2022.2.21AB",
        "code": "99384",
        "display": "Initial comprehensive preventive medicine evaluation and management of an individual including an age and gender appropriate history, examination, counseling/anticipatory guidance/risk factor reduction interventions, and the ordering of laboratory/diagnostic procedures, new patient; adolescent (age 12 through 17 years)"
      },
      {
        "system": "http://www.ama-assn.org/go/cpt",
        "version": "2022.2.21AB",
        "code": "99382",
        "display": "Initial comprehensive preventive medicine evaluation and management of an individual including an age and gender appropriate history, examination, counseling/anticipatory guidance/risk factor reduction interventions, and the ordering of laboratory/diagnostic procedures, new patient; early childhood (age 1 through 4 years)"
      },
      {
        "system": "http://www.ama-assn.org/go/cpt",
        "version": "2022.2.21AB",
        "code": "99381",
        "display": "Initial comprehensive preventive medicine evaluation and management of an individual including an age and gender appropriate history, examination, counseling/anticipatory guidance/risk factor reduction interventions, and the ordering of laboratory/diagnostic procedures, new patient; infant (age younger than 1 year)"
      },
      {
        "system": "http://www.ama-assn.org/go/cpt",
        "version": "2022.2.21AB",
        "code": "99383",
        "display": "Initial comprehensive preventive medicine evaluation and management of an individual including an age and gender appropriate history, examination, counseling/anticipatory guidance/risk factor reduction interventions, and the ordering of laboratory/diagnostic procedures, new patient; late childhood (age 5 through 11 years)"
      },
      {
        "system": "http://snomed.info/sct",
        "version": "2021.09.21AA",
        "code": "90526000",
        "display": "Initial evaluation and management of healthy individual"
      },
      {
        "system": "http://www.ama-assn.org/go/cpt",
        "version": "2022.2.21AB",
        "code": "99218",
        "display": "Initial observation care, per day, for the evaluation and management of a patient which requires these 3 key components: A detailed or comprehensive history; A detailed or comprehensive examination; and Medical decision making that is straightforward or of low complexity. Counseling and/or coordination of care with other physicians, other qualified health care professionals, or agencies are provided consistent with the nature of the problem(s) and the patient's and/or family's needs. Usually, the problem(s) requiring admission to outpatient hospital \"observation status\" are of low severity. Typically, 30 minutes are spent at the bedside and on the patient's hospital floor or unit."
      },
      {
        "system": "http://www.ama-assn.org/go/cpt",
        "version": "2022.2.21AB",
        "code": "99220",
        "display": "Initial observation care, per day, for the evaluation and management of a patient, which requires these 3 key components: A comprehensive history; A comprehensive examination; and Medical decision making of high complexity. Counseling and/or coordination of care with other physicians, other qualified health care professionals, or agencies are provided consistent with the nature of the problem(s) and the patient's and/or family's needs. Usually, the problem(s) requiring admission to outpatient hospital \"observation status\" are of high severity. Typically, 70 minutes are spent at the bedside and on the patient's hospital floor or unit."
      },
      {
        "system": "http://www.ama-assn.org/go/cpt",
        "version": "2022.2.21AB",
        "code": "99219",
        "display": "Initial observation care, per day, for the evaluation and management of a patient, which requires these 3 key components: A comprehensive history; A comprehensive examination; and Medical decision making of moderate complexity. Counseling and/or coordination of care with other physicians, other qualified health care professionals, or agencies are provided consistent with the nature of the problem(s) and the patient's and/or family's needs. Usually, the problem(s) requiring admission to outpatient hospital \"observation status\" are of moderate severity. Typically, 50 minutes are spent at the bedside and on the patient's hospital floor or unit."
      },
      {
        "system": "http://www.ama-assn.org/go/cpt",
        "version": "2022.2.21AB",
        "code": "99494",
        "display": "Initial or subsequent psychiatric collaborative care management, each additional 30 minutes in a calendar month of behavioral health care manager activities, in consultation with a psychiatric consultant, and directed by the treating physician or other qualified health care professional (List separately in addition to code for primary procedure)"
      },
      {
        "system": "http://www.ama-assn.org/go/cpt",
        "version": "2022.2.21AB",
        "code": "99492",
        "display": "Initial psychiatric collaborative care management, first 70 minutes in the first calendar month of behavioral health care manager activities, in consultation with a psychiatric consultant, and directed by the treating physician or other qualified health care professional, with the following required elements: outreach to and engagement in treatment of a patient directed by the treating physician or other qualified health care professional, initial assessment of the patient, including administration of validated rating scales, with the development of an individualized treatment plan, review by the psychiatric consultant with modifications of the plan if recommended, entering patient in a registry and tracking patient follow-up and progress"
      },
      {
        "system": "https://www.cms.gov/Medicare/Coding/HCPCSReleaseCodeSets",
        "version": "2022.1.21AB",
        "code": "S9480",
        "display": "Intensive outpatient psychiatric services, per diem"
      },
      {
        "system": "https://www.cms.gov/Medicare/Coding/HCPCSReleaseCodeSets",
        "version": "2022.1.21AB",
        "code": "G0411",
        "display": "Interactive group psychotherapy, in a partial hospitalization setting, approximately 45 to 50 minutes"
      },
      {
        "system": "https://www.cms.gov/Medicare/Coding/HCPCSReleaseCodeSets",
        "version": "2022.1.21AB",
        "code": "H0034",
        "display": "Medication training and support, per 15 minutes"
      },
      {
        "system": "https://www.cms.gov/Medicare/Coding/HCPCSReleaseCodeSets",
        "version": "2022.1.21AB",
        "code": "H0031",
        "display": "Mental health assessment, by non-physician"
      },
      {
        "system": "https://www.cms.gov/Medicare/Coding/HCPCSReleaseCodeSets",
        "version": "2022.1.21AB",
        "code": "H0035",
        "display": "Mental health partial hospitalization, treatment, less than 24 hours"
      },
      {
        "system": "http://snomed.info/sct",
        "version": "2021.09.21AA",
        "code": "19681004",
        "display": "Nursing evaluation of patient and report"
      },
      {
        "system": "http://www.ama-assn.org/go/cpt",
        "version": "2022.2.21AB",
        "code": "99217",
        "display": "Observation care discharge day management (This code is to be utilized to report all services provided to a patient on discharge from outpatient hospital \"observation status\" if the discharge is on other than the initial date of \"observation status.\" To report services to a patient designated as \"observation status\" or \"inpatient status\" and discharged on the same date, use the codes for Observation or Inpatient Care Services [including Admission and Discharge Services, 99234-99236 as appropriate.])"
      },
      {
        "system": "http://www.ama-assn.org/go/cpt",
        "version": "2022.2.21AB",
        "code": "99245",
        "display": "Office consultation for a new or established patient, which requires these 3 key components: A comprehensive history; A comprehensive examination; and Medical decision making of high complexity. Counseling and/or coordination of care with other physicians, other qualified health care professionals, or agencies are provided consistent with the nature of the problem(s) and the patient's and/or family's needs. Usually, the presenting problem(s) are of moderate to high severity. Typically, 80 minutes are spent face-to-face with the patient and/or family."
      },
      {
        "system": "http://www.ama-assn.org/go/cpt",
        "version": "2022.2.21AB",
        "code": "99244",
        "display": "Office consultation for a new or established patient, which requires these 3 key components: A comprehensive history; A comprehensive examination; and Medical decision making of moderate complexity. Counseling and/or coordination of care with other physicians, other qualified health care professionals, or agencies are provided consistent with the nature of the problem(s) and the patient's and/or family's needs. Usually, the presenting problem(s) are of moderate to high severity. Typically, 60 minutes are spent face-to-face with the patient and/or family."
      },
      {
        "system": "http://www.ama-assn.org/go/cpt",
        "version": "2022.2.21AB",
        "code": "99243",
        "display": "Office consultation for a new or established patient, which requires these 3 key components: A detailed history; A detailed examination; and Medical decision making of low complexity. Counseling and/or coordination of care with other physicians, other qualified health care professionals, or agencies are provided consistent with the nature of the problem(s) and the patient's and/or family's needs. Usually, the presenting problem(s) are of moderate severity. Typically, 40 minutes are spent face-to-face with the patient and/or family."
      },
      {
        "system": "http://www.ama-assn.org/go/cpt",
        "version": "2022.2.21AB",
        "code": "99241",
        "display": "Office consultation for a new or established patient, which requires these 3 key components: A problem focused history; A problem focused examination; and Straightforward medical decision making. Counseling and/or coordination of care with other physicians, other qualified health care professionals, or agencies are provided consistent with the nature of the problem(s) and the patient's and/or family's needs. Usually, the presenting problem(s) are self limited or minor. Typically, 15 minutes are spent face-to-face with the patient and/or family."
      },
      {
        "system": "http://www.ama-assn.org/go/cpt",
        "version": "2022.2.21AB",
        "code": "99242",
        "display": "Office consultation for a new or established patient, which requires these 3 key components: An expanded problem focused history; An expanded problem focused examination; and Straightforward medical decision making. Counseling and/or coordination of care with other physicians, other qualified health care professionals, or agencies are provided consistent with the nature of the problem(s) and the patient's and/or family's needs. Usually, the presenting problem(s) are of low severity. Typically, 30 minutes are spent face-to-face with the patient and/or family."
      },
      {
        "system": "http://www.ama-assn.org/go/cpt",
        "version": "2022.2.21AB",
        "code": "99205",
        "display": "Office or other outpatient visit for the evaluation and management of a new patient, which requires a medically appropriate history and/or examination and high level of medical decision making. When using time for code selection, 60-74 minutes of total time is spent on the date of the encounter."
      },
      {
        "system": "http://www.ama-assn.org/go/cpt",
        "version": "2022.2.21AB",
        "code": "99203",
        "display": "Office or other outpatient visit for the evaluation and management of a new patient, which requires a medically appropriate history and/or examination and low level of medical decision making. When using time for code selection, 30-44 minutes of total time is spent on the date of the encounter."
      },
      {
        "system": "http://www.ama-assn.org/go/cpt",
        "version": "2022.2.21AB",
        "code": "99204",
        "display": "Office or other outpatient visit for the evaluation and management of a new patient, which requires a medically appropriate history and/or examination and moderate level of medical decision making. When using time for code selection, 45-59 minutes of total time is spent on the date of the encounter."
      },
      {
        "system": "http://www.ama-assn.org/go/cpt",
        "version": "2022.2.21AB",
        "code": "99202",
        "display": "Office or other outpatient visit for the evaluation and management of a new patient, which requires a medically appropriate history and/or examination and straightforward medical decision making. When using time for code selection, 15-29 minutes of total time is spent on the date of the encounter."
      },
      {
        "system": "http://www.ama-assn.org/go/cpt",
        "inactive": true,
        "version": "2022.2.21AB",
        "code": "99201",
        "display": "Office or other outpatient visit for the evaluation and management of a new patient, which requires these 3 key components: A problem focused history; A problem focused examination; Straightforward medical decision making. Counseling and/or coordination of care with other physicians, other qualified health care professionals, or agencies are provided consistent with the nature of the problem(s) and the patient's and/or family's needs. Usually, the presenting problem(s) are self limited or minor. Typically, 10 minutes are spent face-to-face with the patient and/or family."
      },
      {
        "system": "http://www.ama-assn.org/go/cpt",
        "version": "2022.2.21AB",
        "code": "99211",
        "display": "Office or other outpatient visit for the evaluation and management of an established patient that may not require the presence of a physician or other qualified health care professional"
      },
      {
        "system": "http://www.ama-assn.org/go/cpt",
        "version": "2022.2.21AB",
        "code": "99215",
        "display": "Office or other outpatient visit for the evaluation and management of an established patient, which requires a medically appropriate history and/or examination and high level of medical decision making. When using time for code selection, 40-54 minutes of total time is spent on the date of the encounter."
      },
      {
        "system": "http://www.ama-assn.org/go/cpt",
        "version": "2022.2.21AB",
        "code": "99213",
        "display": "Office or other outpatient visit for the evaluation and management of an established patient, which requires a medically appropriate history and/or examination and low level of medical decision making. When using time for code selection, 20-29 minutes of total time is spent on the date of the encounter."
      },
      {
        "system": "http://www.ama-assn.org/go/cpt",
        "version": "2022.2.21AB",
        "code": "99214",
        "display": "Office or other outpatient visit for the evaluation and management of an established patient, which requires a medically appropriate history and/or examination and moderate level of medical decision making. When using time for code selection, 30-39 minutes of total time is spent on the date of the encounter."
      },
      {
        "system": "http://www.ama-assn.org/go/cpt",
        "version": "2022.2.21AB",
        "code": "99212",
        "display": "Office or other outpatient visit for the evaluation and management of an established patient, which requires a medically appropriate history and/or examination and straightforward medical decision making. When using time for code selection, 10-19 minutes of total time is spent on the date of the encounter."
      },
      {
        "system": "http://www.ama-assn.org/go/cpt",
        "inactive": true,
        "version": "2022.2.21AB",
        "code": "98969",
        "display": "Online assessment and management service provided by a qualified nonphysician health care professional to an established patient or guardian, not originating from a related assessment and management service provided within the previous 7 days, using the Internet or similar electronic communications network"
      },
      {
        "system": "http://www.ama-assn.org/go/cpt",
        "version": "2022.2.21AB",
        "code": "99422",
        "display": "Online digital evaluation and management service, for an established patient, for up to 7 days, cumulative time during the 7 days; 11-20 minutes"
      },
      {
        "system": "http://www.ama-assn.org/go/cpt",
        "version": "2022.2.21AB",
        "code": "99423",
        "display": "Online digital evaluation and management service, for an established patient, for up to 7 days, cumulative time during the 7 days; 21 or more minutes"
      },
      {
        "system": "http://www.ama-assn.org/go/cpt",
        "version": "2022.2.21AB",
        "code": "99421",
        "display": "Online digital evaluation and management service, for an established patient, for up to 7 days, cumulative time during the 7 days; 5-10 minutes"
      },
      {
        "system": "http://www.ama-assn.org/go/cpt",
        "inactive": true,
        "version": "2022.2.21AB",
        "code": "99444",
        "display": "Online evaluation and management service provided by a physician or other qualified health care professional who may report evaluation and management services provided to an established patient or guardian, not originating from a related E/M service provided within the previous 7 days, using the Internet or similar electronic communications network"
      },
      {
        "system": "https://www.cms.gov/Medicare/Coding/HCPCSReleaseCodeSets",
        "version": "2022.1.21AB",
        "code": "S0201",
        "display": "Partial hospitalization services, less than 24 hours, per diem"
      },
      {
        "system": "http://snomed.info/sct",
        "version": "2021.09.21AA",
        "code": "308335008",
        "display": "Patient encounter procedure"
      },
      {
        "system": "http://snomed.info/sct",
        "version": "2021.09.21AA",
        "code": "270427003",
        "display": "Patient-initiated encounter"
      },
      {
        "system": "https://www.cms.gov/Medicare/Coding/HCPCSReleaseCodeSets",
        "version": "2022.1.21AB",
        "code": "G0071",
        "display": "Payment for communication technology-based services for 5 minutes or more of a virtual (non-face-to-face) communication between an rural health clinic (rhc) or federally qualified health center (fqhc) practitioner and rhc or fqhc patient, or 5 minutes or more of remote evaluation of recorded video and/or images by an rhc or fqhc practitioner, occurring in lieu of an office visit; rhc or fqhc only"
      },
      {
        "system": "http://www.ama-assn.org/go/cpt",
        "version": "2022.2.21AB",
        "code": "99395",
        "display": "Periodic comprehensive preventive medicine reevaluation and management of an individual including an age and gender appropriate history, examination, counseling/anticipatory guidance/risk factor reduction interventions, and the ordering of laboratory/diagnostic procedures, established patient; 18-39 years"
      },
      {
        "system": "http://www.ama-assn.org/go/cpt",
        "version": "2022.2.21AB",
        "code": "99396",
        "display": "Periodic comprehensive preventive medicine reevaluation and management of an individual including an age and gender appropriate history, examination, counseling/anticipatory guidance/risk factor reduction interventions, and the ordering of laboratory/diagnostic procedures, established patient; 40-64 years"
      },
      {
        "system": "http://www.ama-assn.org/go/cpt",
        "version": "2022.2.21AB",
        "code": "99397",
        "display": "Periodic comprehensive preventive medicine reevaluation and management of an individual including an age and gender appropriate history, examination, counseling/anticipatory guidance/risk factor reduction interventions, and the ordering of laboratory/diagnostic procedures, established patient; 65 years and older"
      },
      {
        "system": "http://www.ama-assn.org/go/cpt",
        "version": "2022.2.21AB",
        "code": "99394",
        "display": "Periodic comprehensive preventive medicine reevaluation and management of an individual including an age and gender appropriate history, examination, counseling/anticipatory guidance/risk factor reduction interventions, and the ordering of laboratory/diagnostic procedures, established patient; adolescent (age 12 through 17 years)"
      },
      {
        "system": "http://www.ama-assn.org/go/cpt",
        "version": "2022.2.21AB",
        "code": "99392",
        "display": "Periodic comprehensive preventive medicine reevaluation and management of an individual including an age and gender appropriate history, examination, counseling/anticipatory guidance/risk factor reduction interventions, and the ordering of laboratory/diagnostic procedures, established patient; early childhood (age 1 through 4 years)"
      },
      {
        "system": "http://www.ama-assn.org/go/cpt",
        "version": "2022.2.21AB",
        "code": "99391",
        "display": "Periodic comprehensive preventive medicine reevaluation and management of an individual including an age and gender appropriate history, examination, counseling/anticipatory guidance/risk factor reduction interventions, and the ordering of laboratory/diagnostic procedures, established patient; infant (age younger than 1 year)"
      },
      {
        "system": "http://www.ama-assn.org/go/cpt",
        "version": "2022.2.21AB",
        "code": "99393",
        "display": "Periodic comprehensive preventive medicine reevaluation and management of an individual including an age and gender appropriate history, examination, counseling/anticipatory guidance/risk factor reduction interventions, and the ordering of laboratory/diagnostic procedures, established patient; late childhood (age 5 through 11 years)"
      },
      {
        "system": "http://www.ama-assn.org/go/cpt",
        "version": "2022.2.21AB",
        "code": "99078",
        "display": "Physician or other qualified health care professional qualified by education, training, licensure/regulation (when applicable) educational services rendered to patients in a group setting (eg, prenatal, obesity, or diabetic instructions)"
      },
      {
        "system": "http://www.ama-assn.org/go/cpt",
        "version": "2022.2.21AB",
        "code": "99401",
        "display": "Preventive medicine counseling and/or risk factor reduction intervention(s) provided to an individual (separate procedure); approximately 15 minutes"
      },
      {
        "system": "http://www.ama-assn.org/go/cpt",
        "version": "2022.2.21AB",
        "code": "99402",
        "display": "Preventive medicine counseling and/or risk factor reduction intervention(s) provided to an individual (separate procedure); approximately 30 minutes"
      },
      {
        "system": "http://www.ama-assn.org/go/cpt",
        "version": "2022.2.21AB",
        "code": "99403",
        "display": "Preventive medicine counseling and/or risk factor reduction intervention(s) provided to an individual (separate procedure); approximately 45 minutes"
      },
      {
        "system": "http://www.ama-assn.org/go/cpt",
        "version": "2022.2.21AB",
        "code": "99404",
        "display": "Preventive medicine counseling and/or risk factor reduction intervention(s) provided to an individual (separate procedure); approximately 60 minutes"
      },
      {
        "system": "http://www.ama-assn.org/go/cpt",
        "version": "2022.2.21AB",
        "code": "99411",
        "display": "Preventive medicine counseling and/or risk factor reduction intervention(s) provided to individuals in a group setting (separate procedure); approximately 30 minutes"
      },
      {
        "system": "http://www.ama-assn.org/go/cpt",
        "version": "2022.2.21AB",
        "code": "99412",
        "display": "Preventive medicine counseling and/or risk factor reduction intervention(s) provided to individuals in a group setting (separate procedure); approximately 60 minutes"
      },
      {
        "system": "http://snomed.info/sct",
        "version": "2021.09.21AA",
        "code": "270430005",
        "display": "Provider-initiated encounter"
      },
      {
        "system": "http://www.ama-assn.org/go/cpt",
        "version": "2022.2.21AB",
        "code": "90791",
        "display": "Psychiatric diagnostic evaluation"
      },
      {
        "system": "http://www.ama-assn.org/go/cpt",
        "version": "2022.2.21AB",
        "code": "90792",
        "display": "Psychiatric diagnostic evaluation with medical services"
      },
      {
        "system": "https://www.cms.gov/Medicare/Coding/HCPCSReleaseCodeSets",
        "version": "2022.1.21AB",
        "code": "H2013",
        "display": "Psychiatric health facility service, per diem"
      },
      {
        "system": "https://www.cms.gov/Medicare/Coding/HCPCSReleaseCodeSets",
        "version": "2022.1.21AB",
        "code": "H2017",
        "display": "Psychosocial rehabilitation services, per 15 minutes"
      },
      {
        "system": "https://www.cms.gov/Medicare/Coding/HCPCSReleaseCodeSets",
        "version": "2022.1.21AB",
        "code": "H2018",
        "display": "Psychosocial rehabilitation services, per diem"
      },
      {
        "system": "http://www.ama-assn.org/go/cpt",
        "version": "2022.2.21AB",
        "code": "90832",
        "display": "Psychotherapy, 30 minutes with patient"
      },
      {
        "system": "http://www.ama-assn.org/go/cpt",
        "version": "2022.2.21AB",
        "code": "90834",
        "display": "Psychotherapy, 45 minutes with patient"
      },
      {
        "system": "http://www.ama-assn.org/go/cpt",
        "version": "2022.2.21AB",
        "code": "90837",
        "display": "Psychotherapy, 60 minutes with patient"
      },
      {
        "system": "http://www.ama-assn.org/go/cpt",
        "version": "2022.2.21AB",
        "code": "98971",
        "display": "Qualified nonphysician health care professional online digital assessment and management, for an established patient, for up to 7 days, cumulative time during the 7 days; 11-20 minutes"
      },
      {
        "system": "http://www.ama-assn.org/go/cpt",
        "version": "2022.2.21AB",
        "code": "98972",
        "display": "Qualified nonphysician health care professional online digital assessment and management, for an established patient, for up to 7 days, cumulative time during the 7 days; 21 or more minutes"
      },
      {
        "system": "http://www.ama-assn.org/go/cpt",
        "version": "2022.2.21AB",
        "code": "98970",
        "display": "Qualified nonphysician health care professional online digital assessment and management, for an established patient, for up to 7 days, cumulative time during the 7 days; 5-10 minutes"
      },
      {
        "system": "https://www.cms.gov/Medicare/Coding/HCPCSReleaseCodeSets",
        "inactive": true,
        "version": "2022.1.21AB",
        "code": "G2062",
        "display": "Qualified nonphysician healthcare professional online assessment and management service, for an established patient, for up to seven days, cumulative time during the 7 days; 11-20 minutes"
      },
      {
        "system": "https://www.cms.gov/Medicare/Coding/HCPCSReleaseCodeSets",
        "inactive": true,
        "version": "2022.1.21AB",
        "code": "G2063",
        "display": "Qualified nonphysician healthcare professional online assessment and management service, for an established patient, for up to seven days, cumulative time during the 7 days; 21 or more minutes"
      },
      {
        "system": "https://www.cms.gov/Medicare/Coding/HCPCSReleaseCodeSets",
        "inactive": true,
        "version": "2022.1.21AB",
        "code": "G2061",
        "display": "Qualified nonphysician healthcare professional online assessment and management service, for an established patient, for up to seven days, cumulative time during the 7 days; 5-10 minutes"
      },
      {
        "system": "https://www.cms.gov/Medicare/Coding/HCPCSReleaseCodeSets",
        "version": "2022.1.21AB",
        "code": "H2001",
        "display": "Rehabilitation program, per 1/2 day"
      },
      {
        "system": "https://www.cms.gov/Medicare/Coding/HCPCSReleaseCodeSets",
        "version": "2022.1.21AB",
        "code": "G2010",
        "display": "Remote evaluation of recorded video and/or images submitted by an established patient (e.g., store and forward), including interpretation with follow-up with the patient within 24 business hours, not originating from a related e/m service provided within the previous 7 days nor leading to an e/m service or procedure within the next 24 hours or soonest available appointment"
      },
      {
        "system": "http://www.ama-assn.org/go/cpt",
        "version": "2022.2.21AB",
        "code": "99457",
        "display": "Remote physiologic monitoring treatment management services, clinical staff/physician/other qualified health care professional time in a calendar month requiring interactive communication with the patient/caregiver during the month; first 20 minutes"
      },
      {
        "system": "https://www.cms.gov/Medicare/Coding/HCPCSReleaseCodeSets",
        "version": "2022.1.21AB",
        "code": "G0512",
        "display": "Rural health clinic or federally qualified health center (rhc/fqhc) only, psychiatric collaborative care model (psychiatric cocm), 60 minutes or more of clinical staff time for psychiatric cocm services directed by an rhc or fqhc practitioner (physician, np, pa, or cnm) and including services furnished by a behavioral health care manager and consultation with a psychiatric consultant, per calendar month"
      },
      {
        "system": "https://www.cms.gov/Medicare/Coding/HCPCSReleaseCodeSets",
        "version": "2022.1.21AB",
        "code": "G0155",
        "display": "Services of clinical social worker in home health or hospice settings, each 15 minutes"
      },
      {
        "system": "https://www.cms.gov/Medicare/Coding/HCPCSReleaseCodeSets",
        "version": "2022.1.21AB",
        "code": "H2014",
        "display": "Skills training and development, per 15 minutes"
      },
      {
        "system": "https://www.cms.gov/Medicare/Coding/HCPCSReleaseCodeSets",
        "version": "2022.1.21AB",
        "code": "G0409",
        "display": "Social work and psychological services, directly relating to and/or furthering the patient's rehabilitation goals, each 15 minutes, face-to-face; individual (services provided by a corf-qualified social worker or psychologist in a corf)"
      },
      {
        "system": "http://www.ama-assn.org/go/cpt",
        "version": "2022.2.21AB",
        "code": "99493",
        "display": "Subsequent psychiatric collaborative care management, first 60 minutes in a subsequent month of behavioral health care manager activities, in consultation with a psychiatric consultant, and directed by the treating physician or other qualified health care professional, with the following required elements: tracking patient follow-up and progress using the registry, with appropriate documentation, participation in weekly caseload consultation with the psychiatric consultant, ongoing collaboration with and coordination of the patient's mental health care with the treating physician or other qualified health care professional and any other treating mental health providers, additional review of progress and recommendations for changes in"
      },
      {
        "system": "http://www.ama-assn.org/go/cpt",
        "version": "2022.2.21AB",
        "code": "98967",
        "display": "Telephone assessment and management service provided by a qualified nonphysician health care professional to an established patient, parent, or guardian not originating from a related assessment and management service provided within the previous 7 days nor leading to an assessment and management service or procedure within the next 24 hours or soonest available appointment; 11-20 minutes of medical discussion"
      },
      {
        "system": "http://www.ama-assn.org/go/cpt",
        "version": "2022.2.21AB",
        "code": "98968",
        "display": "Telephone assessment and management service provided by a qualified nonphysician health care professional to an established patient, parent, or guardian not originating from a related assessment and management service provided within the previous 7 days nor leading to an assessment and management service or procedure within the next 24 hours or soonest available appointment; 21-30 minutes of medical discussion"
      },
      {
        "system": "http://www.ama-assn.org/go/cpt",
        "version": "2022.2.21AB",
        "code": "98966",
        "display": "Telephone assessment and management service provided by a qualified nonphysician health care professional to an established patient, parent, or guardian not originating from a related assessment and management service provided within the previous 7 days nor leading to an assessment and management service or procedure within the next 24 hours or soonest available appointment; 5-10 minutes of medical discussion"
      },
      {
        "system": "http://snomed.info/sct",
        "version": "2021.09.21AA",
        "code": "386472008",
        "display": "Telephone consultation"
      },
      {
        "system": "http://snomed.info/sct",
        "version": "2021.09.21AA",
        "code": "314849005",
        "display": "Telephone contact by consultant"
      },
      {
        "system": "http://snomed.info/sct",
        "version": "2021.09.21AA",
        "code": "185317003",
        "display": "Telephone encounter"
      },
      {
        "system": "http://www.ama-assn.org/go/cpt",
        "version": "2022.2.21AB",
        "code": "99442",
        "display": "Telephone evaluation and management service by a physician or other qualified health care professional who may report evaluation and management services provided to an established patient, parent, or guardian not originating from a related E/M service provided within the previous 7 days nor leading to an E/M service or procedure within the next 24 hours or soonest available appointment; 11-20 minutes of medical discussion"
      },
      {
        "system": "http://www.ama-assn.org/go/cpt",
        "version": "2022.2.21AB",
        "code": "99443",
        "display": "Telephone evaluation and management service by a physician or other qualified health care professional who may report evaluation and management services provided to an established patient, parent, or guardian not originating from a related E/M service provided within the previous 7 days nor leading to an E/M service or procedure within the next 24 hours or soonest available appointment; 21-30 minutes of medical discussion"
      },
      {
        "system": "http://www.ama-assn.org/go/cpt",
        "version": "2022.2.21AB",
        "code": "99441",
        "display": "Telephone evaluation and management service by a physician or other qualified health care professional who may report evaluation and management services provided to an established patient, parent, or guardian not originating from a related E/M service provided within the previous 7 days nor leading to an E/M service or procedure within the next 24 hours or soonest available appointment; 5-10 minutes of medical discussion"
      },
      {
        "system": "http://snomed.info/sct",
        "version": "2021.09.21AA",
        "code": "386473003",
        "display": "Telephone follow-up"
      },
      {
        "system": "http://snomed.info/sct",
        "version": "2021.09.21AA",
        "code": "401267002",
        "display": "Telephone triage encounter"
      },
      {
        "system": "https://www.cms.gov/Medicare/Coding/HCPCSReleaseCodeSets",
        "version": "2022.1.21AB",
        "code": "H2019",
        "display": "Therapeutic behavioral services, per 15 minutes"
      },
      {
        "system": "https://www.cms.gov/Medicare/Coding/HCPCSReleaseCodeSets",
        "version": "2022.1.21AB",
        "code": "H2020",
        "display": "Therapeutic behavioral services, per diem"
      },
      {
        "system": "https://www.cms.gov/Medicare/Coding/HCPCSReleaseCodeSets",
        "version": "2022.1.21AB",
        "code": "G0177",
        "display": "Training and educational services related to the care and treatment of patient's disabling mental health problems per session (45 minutes or more)"
      },
      {
        "system": "http://snomed.info/sct",
        "version": "2021.09.21AA",
        "code": "406547006",
        "display": "Urgent follow-up"
      },
      {
        "system": "http://snomed.info/sct",
        "version": "2021.09.21AA",
        "code": "185463005",
        "display": "Visit out of hours"
      },
      {
        "system": "http://snomed.info/sct",
        "version": "2021.09.21AA",
        "code": "185465003",
        "display": "Weekend visit"
      }
    ]
  }
}