{
  "resourceType": "ValueSet",
  "id": "33105",
  "meta": {
    "lastUpdated": "2022-03-02T21:37:35.321-05:00"
  },
  "url": "https://www.ncqa.org/fhir/valueset/2.16.840.1.113883.3.464.1004.1356",
  "identifier": [
    {
      "value": "2.16.840.1.113883.3.464.1004.1356"
    }
  ],
  "version": "2022-03-31",
  "name": "Pervasive_Developmental_Disorder",
  "title": "Pervasive Developmental Disorder",
  "status": "active",
  "expansion": {
    "timestamp": "2022-03-24T18:44:39-04:00",
    "total": 15,
    "offset": 0,
    "contains": [
      {
        "system": "http://snomed.info/sct",
        "version": "2021.09.21AA",
        "code": "442314000",
        "display": "Active but odd autism"
      },
      {
        "system": "http://snomed.info/sct",
        "version": "2021.09.21AA",
        "code": "191689008",
        "display": "Active infantile autism"
      },
      {
        "system": "http://snomed.info/sct",
        "version": "2021.09.21AA",
        "code": "231536004",
        "display": "Atypical autism"
      },
      {
        "system": "http://snomed.info/sct",
        "version": "2021.09.21AA",
        "code": "408856003",
        "display": "Autistic disorder"
      },
      {
        "system": "http://snomed.info/sct",
        "version": "2021.09.21AA",
        "code": "43614003",
        "display": "Autistic disorder of childhood onset"
      },
      {
        "system": "http://snomed.info/sct",
        "version": "2021.09.21AA",
        "code": "373618009",
        "display": "Autistic spectrum disorder with isolated skills"
      },
      {
        "system": "http://snomed.info/sct",
        "version": "2021.09.21AA",
        "code": "71961003",
        "display": "Childhood disintegrative disorder"
      },
      {
        "system": "http://snomed.info/sct",
        "version": "2021.09.21AA",
        "code": "408857007",
        "display": "Infantile autism"
      },
      {
        "system": "http://snomed.info/sct",
        "version": "2021.09.21AA",
        "code": "35919005",
        "display": "Autism spectrum disorder"
      },
      {
        "system": "http://snomed.info/sct",
        "version": "2021.09.21AA",
        "code": "39951000119105",
        "display": "Pervasive developmental disorder of residual state"
      },
      {
        "system": "http://snomed.info/sct",
        "version": "2021.09.21AA",
        "code": "191690004",
        "display": "Residual infantile autism"
      },
      {
        "system": "http://hl7.org/fhir/sid/icd-10-cm",
        "version": "2022.1.21AA",
        "code": "F84.0",
        "display": "Autistic disorder"
      },
      {
        "system": "http://hl7.org/fhir/sid/icd-10-cm",
        "version": "2022.1.21AA",
        "code": "F84.3",
        "display": "Other childhood disintegrative disorder"
      },
      {
        "system": "http://hl7.org/fhir/sid/icd-10-cm",
        "version": "2022.1.21AA",
        "code": "F84.8",
        "display": "Other pervasive developmental disorders"
      },
      {
        "system": "http://hl7.org/fhir/sid/icd-10-cm",
        "version": "2022.1.21AA",
        "code": "F84.9",
        "display": "Pervasive developmental disorder, unspecified"
      }
    ]
  }
}