<settings>
  <servers>
    <server>
      <id>ossrh</id>
      <username>${env.OSSRH_USERNAME}</username>
      <password>${env.OSSRH_PASSWORD}</password>
    </server>
  </servers>
  <profiles>
      <profile>
        <id>ossrh</id>
        <activation>
          <activeByDefault>true</activeByDefault>
        </activation>
        <properties>
          <gpg.executable>${env.GPG_EXECUTABLE}</gpg.executable>
          <gpg.passphrase>${env.GPG_PASSPHRASE}</gpg.passphrase>
        </properties>
      </profile>
    </profiles>
</settings>