{
  "resourceType": "ValueSet",
  "id": "33282",
  "meta": {
    "lastUpdated": "2022-03-02T20:53:49.781-05:00"
  },
  "url": "https://www.ncqa.org/fhir/valueset/2.16.840.1.113883.3.464.1004.1527",
  "identifier": [
    {
      "value": "2.16.840.1.113883.3.464.1004.1527"
    }
  ],
  "version": "2022-03-31",
  "name": "High_Risk_HPV_Lab_Test",
  "title": "High Risk HPV Lab Test",
  "status": "active",
  "expansion": {
    "timestamp": "2022-03-24T18:42:32-04:00",
    "total": 21,
    "offset": 0,
    "contains": [
      {
        "system": "http://loinc.org",
        "version": "2.72.21AB",
        "code": "77399-4",
        "display": "Human papilloma virus 16 DNA [Presence] in Cervix by NAA with probe detection"
      },
      {
        "system": "http://loinc.org",
        "version": "2.72.21AB",
        "code": "59263-4",
        "display": "Human papilloma virus 16 DNA [Presence] in Cervix by Probe with signal amplification"
      },
      {
        "system": "http://loinc.org",
        "version": "2.72.21AB",
        "code": "82456-5",
        "display": "Human papilloma virus 16 E6+E7 mRNA [Presence] in Cervix by NAA with probe detection"
      },
      {
        "system": "http://loinc.org",
        "version": "2.72.21AB",
        "code": "77379-6",
        "display": "Human papilloma virus 16 and 18 and 31+33+35+39+45+51+52+56+58+59+66+68 DNA [Interpretation] in Cervix"
      },
      {
        "system": "http://loinc.org",
        "version": "2.72.21AB",
        "code": "82354-2",
        "display": "Human papilloma virus 16 and 18+45 E6+E7 mRNA [Identifier] in Cervix by NAA with probe detection"
      },
      {
        "system": "http://loinc.org",
        "version": "2.72.21AB",
        "code": "82675-0",
        "display": "Human papilloma virus 16+18+31+33+35+39+45+51+52+56+58+59+66+68 DNA [Presence] in Cervix by NAA with probe detection"
      },
      {
        "system": "http://loinc.org",
        "version": "2.72.21AB",
        "code": "59420-0",
        "display": "Human papilloma virus 16+18+31+33+35+39+45+51+52+56+58+59+66+68 DNA [Presence] in Cervix by Probe with signal amplification"
      },
      {
        "system": "http://loinc.org",
        "version": "2.72.21AB",
        "code": "30167-1",
        "display": "Human papilloma virus 16+18+31+33+35+39+45+51+52+56+58+59+68 DNA [Presence] in Cervix by Probe with signal amplification"
      },
      {
        "system": "http://loinc.org",
        "version": "2.72.21AB",
        "code": "21440-3",
        "display": "Human papilloma virus 16+18+31+33+35+45+51+52+56 DNA [Presence] in Cervix by Probe"
      },
      {
        "system": "http://loinc.org",
        "version": "2.72.21AB",
        "code": "77400-0",
        "display": "Human papilloma virus 18 DNA [Presence] in Cervix by NAA with probe detection"
      },
      {
        "system": "http://loinc.org",
        "version": "2.72.21AB",
        "code": "59264-2",
        "display": "Human papilloma virus 18 DNA [Presence] in Cervix by Probe with signal amplification"
      },
      {
        "system": "http://loinc.org",
        "version": "2.72.21AB",
        "code": "75694-0",
        "display": "Human papilloma virus 18+45 E6+E7 mRNA [Presence] in Cervix by NAA with probe detection"
      },
      {
        "system": "http://loinc.org",
        "version": "2.72.21AB",
        "code": "95539-3",
        "display": "Human papilloma virus 31 DNA [Presence] in Cervix by NAA with probe detection"
      },
      {
        "system": "http://loinc.org",
        "version": "2.72.21AB",
        "code": "71431-1",
        "display": "Human papilloma virus 31+33+35+39+45+51+52+56+58+59+66+68 DNA [Presence] in Cervix by NAA with probe detection"
      },
      {
        "system": "http://loinc.org",
        "version": "2.72.21AB",
        "code": "38372-9",
        "display": "Human papilloma virus 6+11+16+18+31+33+35+39+42+43+44+45+51+52+56+58+59+68 DNA [Presence] in Cervix by Probe with signal amplification"
      },
      {
        "system": "http://loinc.org",
        "version": "2.72.21AB",
        "code": "69002-4",
        "display": "Human papilloma virus E6+E7 mRNA [Presence] in Cervix by NAA with probe detection"
      },
      {
        "system": "http://snomed.info/sct",
        "version": "2021.09.21AA",
        "code": "35904009",
        "display": "Human papillomavirus DNA detection"
      },
      {
        "system": "http://www.ama-assn.org/go/cpt",
        "version": "2022.2.21AB",
        "code": "87624",
        "display": "Infectious agent detection by nucleic acid (DNA or RNA); Human Papillomavirus (HPV), high-risk types (eg, 16, 18, 31, 33, 35, 39, 45, 51, 52, 56, 58, 59, 68)"
      },
      {
        "system": "http://www.ama-assn.org/go/cpt",
        "version": "2022.2.21AB",
        "code": "87625",
        "display": "Infectious agent detection by nucleic acid (DNA or RNA); Human Papillomavirus (HPV), types 16 and 18 only, includes type 45, if performed"
      },
      {
        "system": "https://www.cms.gov/Medicare/Coding/HCPCSReleaseCodeSets",
        "version": "2022.1.21AB",
        "code": "G0476",
        "display": "Infectious agent detection by nucleic acid (dna or rna); human papillomavirus (hpv), high-risk types (e.g., 16, 18, 31, 33, 35, 39, 45, 51, 52, 56, 58, 59, 68) for cervical cancer screening, must be performed in addition to pap test"
      },
      {
        "system": "http://snomed.info/sct",
        "version": "2021.09.21AA",
        "code": "448651000124104",
        "display": "Microscopic examination of cervical Papanicolaou smear and Human papillomavirus deoxyribonucleic acid detection cotesting"
      }
    ]
  }
}