{
  "resourceType": "ValueSet",
  "id": "33042",
  "meta": {
    "lastUpdated": "2019-06-09T16:57:35.024-04:00"
  },
  "url": "https://www.ncqa.org/fhir/valueset/2.16.840.1.113883.3.464.1004.1951",
  "identifier": [
    {
      "value": "2.16.840.1.113883.3.464.1004.1951"
    }
  ],
  "version": "Working",
  "name": "Clinical_Bilateral_Modifier",
  "title": "Clinical Bilateral Modifier",
  "status": "active",
  "expansion": {
    "timestamp": "2021-04-05T14:51:06-04:00",
    "total": 1,
    "offset": 0,
    "contains": [
      {
        "system": "http://snomed.info/sct",
        "version": "2020.09.20AA",
        "code": "51440002",
        "display": "Right and left"
      }
    ]
  }
}