{
  "resourceType": "ValueSet",
  "id": "33096",
  "meta": {
    "lastUpdated": "2019-06-09T17:08:45.442-04:00"
  },
  "url": "https://www.ncqa.org/fhir/valueset/2.16.840.1.113883.3.464.1004.1189",
  "identifier": [
    {
      "value": "2.16.840.1.113883.3.464.1004.1189"
    }
  ],
  "version": "Working",
  "name": "Nonacute_Inpatient",
  "title": "Nonacute Inpatient",
  "status": "active",
  "expansion": {
    "timestamp": "2021-04-05T14:51:56-04:00",
    "total": 54,
    "offset": 0,
    "contains": [
      {
        "system": "http://UBREV.info/sct",		  
        "version": "2012.05",
        "code": "0118",
        "display": "Rehabilitation"
      },
      {
        "system": "http://UBREV.info/sct",	
        "version": "2012.05",
        "code": "0128",
        "display": "Rehabilitation"
      },
      {
        "system": "http://UBREV.info/sct",	
        "version": "2012.05",
        "code": "0138",
        "display": "Rehabilitation"
      },
      {
        "system": "http://UBREV.info/sct",	
        "version": "2012.05",
        "code": "0148",
        "display": "Rehabilitation"
      },
      {
        "system": "http://UBREV.info/sct",	
        "version": "2012.05",
        "code": "0158",
        "display": "Rehabilitation"
      },
      {
        "system": "http://UBREV.info/sct",	
        "version": "2012.05",
        "code": "0190",
        "display": "General"
      },
      {
        "system": "http://UBREV.info/sct",	
        "version": "2012.05",
        "code": "0191",
        "display": "Subacute care-Level I"
      },
      {
        "system": "http://UBREV.info/sct",	
        "version": "2012.05",
        "code": "0192",
        "display": "Subacute care-Level II"
      },
      {
        "system": "http://UBREV.info/sct",	
        "version": "2012.05",
        "code": "0193",
        "display": "Subacute care-Level III"
      },
      {
        "system": "http://UBREV.info/sct",	
        "version": "2012.05",
        "code": "0194",
        "display": "Subacute care-Level IV"
      },
      {
        "system": "http://UBREV.info/sct",	
        "version": "2012.05",
        "code": "0199",
        "display": "Other subacute care"
      },
      {
        "system": "http://UBREV.info/sct",	
        "version": "2012.05",
        "code": "0524",
        "display": "Visit by RHC/FQHC practitioner to a member in a covered part A stay at SNF"
      },
      {
        "system": "http://UBREV.info/sct",	
        "version": "2012.05",
        "code": "0525",
        "display": "Visit by RHC/FQHC practitioner to a member in a at SNF (not in a covered part A stay) or NF or ICF MR or other residential facility"
      },
      {
        "system": "http://UBREV.info/sct",	
        "version": "2012.05",
        "code": "0550",
        "display": "General"
      },
      {
        "system": "http://UBREV.info/sct",	
        "version": "2012.05",
        "code": "0551",
        "display": "Visit charge"
      },
      {
        "system": "http://UBREV.info/sct",	
        "version": "2012.05",
        "code": "0552",
        "display": "Hourly charge"
      },
      {
        "system": "http://UBREV.info/sct",	
        "version": "2012.05",
        "code": "0559",
        "display": "Other skilled nursing"
      },
      {
        "system": "http://UBREV.info/sct",	
        "version": "2012.05",
        "code": "0660",
        "display": "General"
      },
      {
        "system": "http://UBREV.info/sct",	
        "version": "2012.05",
        "code": "0661",
        "display": "Hourly charge/nursing"
      },
      {
        "system": "http://UBREV.info/sct",	
        "version": "2012.05",
        "code": "0662",
        "display": "Hourly charge/aide/homemaker/companion"
      },
      {
        "system": "http://UBREV.info/sct",	
        "version": "2012.05",
        "code": "0663",
        "display": "Daily respite care"
      },
      {
        "system": "http://UBREV.info/sct",	
        "version": "2012.05",
        "code": "0669",
        "display": "Other respite care"
      },
      {
        "system": "http://snomed.info/sct",
        "version": "2020.09.20AA",
        "code": "304567001",
        "display": "Admission for long-term care"
      },
      {
        "system": "http://snomed.info/sct",
        "version": "2020.09.20AA",
        "code": "304568006",
        "display": "Admission for respite care"
      },
      {
        "system": "http://snomed.info/sct",
        "version": "2020.09.20AA",
        "code": "305336008",
        "display": "Admission to hospice"
      },
      {
        "system": "http://snomed.info/sct",
        "version": "2020.09.20AA",
        "code": "183921001",
        "display": "Admission to hospice for respite"
      },
      {
        "system": "http://snomed.info/sct",
        "version": "2020.09.20AA",
        "code": "449431000124100",
        "display": "Admission to inpatient rehabilitation facility"
      },
      {
        "system": "http://snomed.info/sct",
        "version": "2020.09.20AA",
        "code": "305340004",
        "display": "Admission to long stay hospital"
      },
      {
        "system": "http://snomed.info/sct",
        "version": "2020.09.20AA",
        "code": "449421000124103",
        "display": "Admission to nursing home"
      },
      {
        "system": "http://snomed.info/sct",
        "version": "2020.09.20AA",
        "code": "305381007",
        "display": "Admission to palliative care department"
      },
      {
        "system": "http://snomed.info/sct",
        "version": "2020.09.20AA",
        "code": "449411000124106",
        "display": "Admission to skilled nursing facility"
      },
      {
        "system": "http://snomed.info/sct",
        "version": "2020.09.20AA",
        "code": "306804001",
        "display": "Admission to young disabled unit"
      },
      {
        "system": "http://www.ama-assn.org/go/cpt",
        "version": "2021.2.20AB",
        "code": "99328",
        "display": "Domiciliary or rest home visit for the evaluation and management of a new patient, which requires these 3 key components: A comprehensive history; A comprehensive examination; and Medical decision making of high complexity. Counseling and/or coordination of care with other physicians, other qualified health care professionals, or agencies are provided consistent with the nature of the problem(s) and the patient's and/or family's needs. Usually, the patient is unstable or has developed a significant new problem requiring immediate physician attention. Typically, 75 minutes are spent with the patient and/or family or caregiver."
      },
      {
        "system": "http://www.ama-assn.org/go/cpt",
        "version": "2021.2.20AB",
        "code": "99327",
        "display": "Domiciliary or rest home visit for the evaluation and management of a new patient, which requires these 3 key components: A comprehensive history; A comprehensive examination; and Medical decision making of moderate complexity. Counseling and/or coordination of care with other physicians, other qualified health care professionals, or agencies are provided consistent with the nature of the problem(s) and the patient's and/or family's needs. Usually, the presenting problem(s) are of high severity. Typically, 60 minutes are spent with the patient and/or family or caregiver."
      },
      {
        "system": "http://www.ama-assn.org/go/cpt",
        "version": "2021.2.20AB",
        "code": "99326",
        "display": "Domiciliary or rest home visit for the evaluation and management of a new patient, which requires these 3 key components: A detailed history; A detailed examination; and Medical decision making of moderate complexity. Counseling and/or coordination of care with other physicians, other qualified health care professionals, or agencies are provided consistent with the nature of the problem(s) and the patient's and/or family's needs. Usually, the presenting problem(s) are of moderate to high severity. Typically, 45 minutes are spent with the patient and/or family or caregiver."
      },
      {
        "system": "http://www.ama-assn.org/go/cpt",
        "version": "2021.2.20AB",
        "code": "99324",
        "display": "Domiciliary or rest home visit for the evaluation and management of a new patient, which requires these 3 key components: A problem focused history; A problem focused examination; and Straightforward medical decision making. Counseling and/or coordination of care with other physicians, other qualified health care professionals, or agencies are provided consistent with the nature of the problem(s) and the patient's and/or family's needs. Usually, the presenting problem(s) are of low severity. Typically, 20 minutes are spent with the patient and/or family or caregiver."
      },
      {
        "system": "http://www.ama-assn.org/go/cpt",
        "version": "2021.2.20AB",
        "code": "99325",
        "display": "Domiciliary or rest home visit for the evaluation and management of a new patient, which requires these 3 key components: An expanded problem focused history; An expanded problem focused examination; and Medical decision making of low complexity. Counseling and/or coordination of care with other physicians, other qualified health care professionals, or agencies are provided consistent with the nature of the problem(s) and the patient's and/or family's needs. Usually, the presenting problem(s) are of moderate severity. Typically, 30 minutes are spent with the patient and/or family or caregiver."
      },
      {
        "system": "http://www.ama-assn.org/go/cpt",
        "version": "2021.2.20AB",
        "code": "99337",
        "display": "Domiciliary or rest home visit for the evaluation and management of an established patient, which requires at least 2 of these 3 key components: A comprehensive interval history; A comprehensive examination; Medical decision making of moderate to high complexity. Counseling and/or coordination of care with other physicians, other qualified health care professionals, or agencies are provided consistent with the nature of the problem(s) and the patient's and/or family's needs. Usually, the presenting problem(s) are of moderate to high severity. The patient may be unstable or may have developed a significant new problem requiring immediate physician attention. Typically, 60 minutes are spent with the patient and/or family or caregi"
      },
      {
        "system": "http://www.ama-assn.org/go/cpt",
        "version": "2021.2.20AB",
        "code": "99336",
        "display": "Domiciliary or rest home visit for the evaluation and management of an established patient, which requires at least 2 of these 3 key components: A detailed interval history; A detailed examination; Medical decision making of moderate complexity. Counseling and/or coordination of care with other physicians, other qualified health care professionals, or agencies are provided consistent with the nature of the problem(s) and the patient's and/or family's needs. Usually, the presenting problem(s) are of moderate to high severity. Typically, 40 minutes are spent with the patient and/or family or caregiver."
      },
      {
        "system": "http://www.ama-assn.org/go/cpt",
        "version": "2021.2.20AB",
        "code": "99334",
        "display": "Domiciliary or rest home visit for the evaluation and management of an established patient, which requires at least 2 of these 3 key components: A problem focused interval history; A problem focused examination; Straightforward medical decision making. Counseling and/or coordination of care with other physicians, other qualified health care professionals, or agencies are provided consistent with the nature of the problem(s) and the patient's and/or family's needs. Usually, the presenting problem(s) are self-limited or minor. Typically, 15 minutes are spent with the patient and/or family or caregiver."
      },
      {
        "system": "http://www.ama-assn.org/go/cpt",
        "version": "2021.2.20AB",
        "code": "99335",
        "display": "Domiciliary or rest home visit for the evaluation and management of an established patient, which requires at least 2 of these 3 key components: An expanded problem focused interval history; An expanded problem focused examination; Medical decision making of low complexity. Counseling and/or coordination of care with other physicians, other qualified health care professionals, or agencies are provided consistent with the nature of the problem(s) and the patient's and/or family's needs. Usually, the presenting problem(s) are of low to moderate severity. Typically, 25 minutes are spent with the patient and/or family or caregiver."
      },
      {
        "system": "http://www.ama-assn.org/go/cpt",
        "version": "2021.2.20AB",
        "code": "99318",
        "display": "Evaluation and management of a patient involving an annual nursing facility assessment, which requires these 3 key components: A detailed interval history; A comprehensive examination; and Medical decision making that is of low to moderate complexity. Counseling and/or coordination of care with other physicians, other qualified health care professionals, or agencies are provided consistent with the nature of the problem(s) and the patient's and/or family's needs. Usually, the patient is stable, recovering, or improving. Typically, 30 minutes are spent at the bedside and on the patient's facility floor or unit."
      },
      {
        "system": "http://snomed.info/sct",
        "version": "2020.09.20AA",
        "code": "183430001",
        "display": "Holiday relief admission"
      },
      {
        "system": "http://snomed.info/sct",
        "version": "2020.09.20AA",
        "code": "112690009",
        "display": "Hospital admission, boarder, for social reasons"
      },
      {
        "system": "http://snomed.info/sct",
        "version": "2020.09.20AA",
        "code": "36723004",
        "display": "Hospital admission, pre-nursing home placement"
      },
      {
        "system": "http://www.ama-assn.org/go/cpt",
        "version": "2021.2.20AB",
        "code": "99306",
        "display": "Initial nursing facility care, per day, for the evaluation and management of a patient, which requires these 3 key components: A comprehensive history; A comprehensive examination; and Medical decision making of high complexity. Counseling and/or coordination of care with other physicians, other qualified health care professionals, or agencies are provided consistent with the nature of the problem(s) and the patient's and/or family's needs. Usually, the problem(s) requiring admission are of high severity. Typically, 45 minutes are spent at the bedside and on the patient's facility floor or unit."
      },
      {
        "system": "http://www.ama-assn.org/go/cpt",
        "version": "2021.2.20AB",
        "code": "99305",
        "display": "Initial nursing facility care, per day, for the evaluation and management of a patient, which requires these 3 key components: A comprehensive history; A comprehensive examination; and Medical decision making of moderate complexity. Counseling and/or coordination of care with other physicians, other qualified health care professionals, or agencies are provided consistent with the nature of the problem(s) and the patient's and/or family's needs. Usually, the problem(s) requiring admission are of moderate severity. Typically, 35 minutes are spent at the bedside and on the patient's facility floor or unit."
      },
      {
        "system": "http://www.ama-assn.org/go/cpt",
        "version": "2021.2.20AB",
        "code": "99304",
        "display": "Initial nursing facility care, per day, for the evaluation and management of a patient, which requires these 3 key components: A detailed or comprehensive history; A detailed or comprehensive examination; and Medical decision making that is straightforward or of low complexity. Counseling and/or coordination of care with other physicians, other qualified health care professionals, or agencies are provided consistent with the nature of the problem(s) and the patient's and/or family's needs. Usually, the problem(s) requiring admission are of low severity. Typically, 25 minutes are spent at the bedside and on the patient's facility floor or unit."
      },
      {
        "system": "http://www.ama-assn.org/go/cpt",
        "version": "2021.2.20AB",
        "code": "99315",
        "display": "Nursing facility discharge day management; 30 minutes or less"
      },
      {
        "system": "http://www.ama-assn.org/go/cpt",
        "version": "2021.2.20AB",
        "code": "99316",
        "display": "Nursing facility discharge day management; more than 30 minutes"
      },
      {
        "system": "http://www.ama-assn.org/go/cpt",
        "version": "2021.2.20AB",
        "code": "99310",
        "display": "Subsequent nursing facility care, per day, for the evaluation and management of a patient, which requires at least 2 of these 3 key components: A comprehensive interval history; A comprehensive examination; Medical decision making of high complexity. Counseling and/or coordination of care with other physicians, other qualified health care professionals, or agencies are provided consistent with the nature of the problem(s) and the patient's and/or family's needs. The patient may be unstable or may have developed a significant new problem requiring immediate physician attention. Typically, 35 minutes are spent at the bedside and on the patient's facility floor or unit."
      },
      {
        "system": "http://www.ama-assn.org/go/cpt",
        "version": "2021.2.20AB",
        "code": "99309",
        "display": "Subsequent nursing facility care, per day, for the evaluation and management of a patient, which requires at least 2 of these 3 key components: A detailed interval history; A detailed examination; Medical decision making of moderate complexity. Counseling and/or coordination of care with other physicians, other qualified health care professionals, or agencies are provided consistent with the nature of the problem(s) and the patient's and/or family's needs. Usually, the patient has developed a significant complication or a significant new problem. Typically, 25 minutes are spent at the bedside and on the patient's facility floor or unit."
      },
      {
        "system": "http://www.ama-assn.org/go/cpt",
        "version": "2021.2.20AB",
        "code": "99307",
        "display": "Subsequent nursing facility care, per day, for the evaluation and management of a patient, which requires at least 2 of these 3 key components: A problem focused interval history; A problem focused examination; Straightforward medical decision making. Counseling and/or coordination of care with other physicians, other qualified health care professionals, or agencies are provided consistent with the nature of the problem(s) and the patient's and/or family's needs. Usually, the patient is stable, recovering, or improving. Typically, 10 minutes are spent at the bedside and on the patient's facility floor or unit."
      },
      {
        "system": "http://www.ama-assn.org/go/cpt",
        "version": "2021.2.20AB",
        "code": "99308",
        "display": "Subsequent nursing facility care, per day, for the evaluation and management of a patient, which requires at least 2 of these 3 key components: An expanded problem focused interval history; An expanded problem focused examination; Medical decision making of low complexity. Counseling and/or coordination of care with other physicians, other qualified health care professionals, or agencies are provided consistent with the nature of the problem(s) and the patient's and/or family's needs. Usually, the patient is responding inadequately to therapy or has developed a minor complication. Typically, 15 minutes are spent at the bedside and on the patient's facility floor or unit."
      }
    ]
  }
}