{
  "resourceType": "ValueSet",
  "id": "33022",
  "meta": {
    "lastUpdated": "2019-06-09T16:53:10.736-04:00"
  },
  "url": "https://www.ncqa.org/fhir/valueset/2.16.840.1.113883.3.464.1004.1330",
  "identifier": [
    {
      "value": "2.16.840.1.113883.3.464.1004.1330"
    }
  ],
  "version": "Working",
  "name": "Absence_of_Right_Breast",
  "title": "Absence of Right Breast",
  "status": "active",
  "expansion": {
    "timestamp": "2021-04-05T14:51:04-04:00",
    "total": 3,
    "offset": 0,
    "contains": [
      {
        "system": "http://snomed.info/sct",
        "version": "2020.09.20AA",
        "code": "137681000119108",
        "display": "History of prophylactic mastectomy of right breast"
      },
      {
        "system": "http://snomed.info/sct",
        "version": "2020.09.20AA",
        "code": "429242008",
        "display": "History of right mastectomy"
      },
      {
        "system": "http://hl7.org/fhir/sid/icd-10-cm",
        "version": "2021.2.20AB",
        "code": "Z90.11",
        "display": "Acquired absence of right breast and nipple"
      }
    ]
  }
}