{
  "resourceType": "ValueSet",
  "id": "33076",
  "meta": {
    "lastUpdated": "2019-06-09T17:04:43.161-04:00"
  },
  "url": "https://www.ncqa.org/fhir/valueset/2.16.840.1.113883.3.464.1004.1331",
  "identifier": [
    {
      "value": "2.16.840.1.113883.3.464.1004.1331"
    }
  ],
  "version": "Working",
  "name": "History_of_Bilateral_Mastectomy",
  "title": "History of Bilateral Mastectomy",
  "status": "active",
  "expansion": {
    "timestamp": "2021-04-05T14:51:07-04:00",
    "total": 3,
    "offset": 0,
    "contains": [
      {
        "system": "http://snomed.info/sct",
        "version": "2020.09.20AA",
        "code": "428529004",
        "display": "History of bilateral mastectomy"
      },
      {
        "system": "http://snomed.info/sct",
        "version": "2020.09.20AA",
        "code": "136071000119101",
        "display": "History of bilateral prophylactic mastectomy"
      },
      {
        "system": "http://hl7.org/fhir/sid/icd-10-cm",
        "version": "2021.2.20AB",
        "code": "Z90.13",
        "display": "Acquired absence of bilateral breasts and nipples"
      }
    ]
  }
}