{
  "resourceType": "ValueSet",
  "id": "33120",
  "meta": {
    "lastUpdated": "2019-06-09T17:12:50.594-04:00"
  },
  "url": "https://www.ncqa.org/fhir/valueset/2.16.840.1.113883.3.464.1004.1246",
  "identifier": [
    {
      "value": "2.16.840.1.113883.3.464.1004.1246"
    }
  ],
  "version": "Working",
  "name": "Telephone_Visits",
  "title": "Telephone Visits",
  "status": "active",
  "expansion": {
    "timestamp": "2021-04-05T14:47:00-04:00",
    "total": 12,
    "offset": 0,
    "contains": [
      {
        "system": "http://www.ama-assn.org/go/cpt",
        "version": "2021.2.20AB",
        "code": "98967",
        "display": "Telephone assessment and management service provided by a qualified nonphysician health care professional to an established patient, parent, or guardian not originating from a related assessment and management service provided within the previous 7 days nor leading to an assessment and management service or procedure within the next 24 hours or soonest available appointment; 11-20 minutes of medical discussion"
      },
      {
        "system": "http://www.ama-assn.org/go/cpt",
        "version": "2021.2.20AB",
        "code": "98968",
        "display": "Telephone assessment and management service provided by a qualified nonphysician health care professional to an established patient, parent, or guardian not originating from a related assessment and management service provided within the previous 7 days nor leading to an assessment and management service or procedure within the next 24 hours or soonest available appointment; 21-30 minutes of medical discussion"
      },
      {
        "system": "http://www.ama-assn.org/go/cpt",
        "version": "2021.2.20AB",
        "code": "98966",
        "display": "Telephone assessment and management service provided by a qualified nonphysician health care professional to an established patient, parent, or guardian not originating from a related assessment and management service provided within the previous 7 days nor leading to an assessment and management service or procedure within the next 24 hours or soonest available appointment; 5-10 minutes of medical discussion"
      },
      {
        "system": "http://snomed.info/sct",
        "inactive": true,
        "version": "2020.09.20AA",
        "code": "11797002",
        "display": "Telephone call by physician to patient or for consultation"
      },
      {
        "system": "http://snomed.info/sct",
        "version": "2020.09.20AA",
        "code": "386472008",
        "display": "Telephone consultation"
      },
      {
        "system": "http://snomed.info/sct",
        "version": "2020.09.20AA",
        "code": "314849005",
        "display": "Telephone contact by consultant"
      },
      {
        "system": "http://snomed.info/sct",
        "version": "2020.09.20AA",
        "code": "185317003",
        "display": "Telephone encounter"
      },
      {
        "system": "http://www.ama-assn.org/go/cpt",
        "version": "2021.2.20AB",
        "code": "99442",
        "display": "Telephone evaluation and management service by a physician or other qualified health care professional who may report evaluation and management services provided to an established patient, parent, or guardian not originating from a related E/M service provided within the previous 7 days nor leading to an E/M service or procedure within the next 24 hours or soonest available appointment; 11-20 minutes of medical discussion"
      },
      {
        "system": "http://www.ama-assn.org/go/cpt",
        "version": "2021.2.20AB",
        "code": "99443",
        "display": "Telephone evaluation and management service by a physician or other qualified health care professional who may report evaluation and management services provided to an established patient, parent, or guardian not originating from a related E/M service provided within the previous 7 days nor leading to an E/M service or procedure within the next 24 hours or soonest available appointment; 21-30 minutes of medical discussion"
      },
      {
        "system": "http://www.ama-assn.org/go/cpt",
        "version": "2021.2.20AB",
        "code": "99441",
        "display": "Telephone evaluation and management service by a physician or other qualified health care professional who may report evaluation and management services provided to an established patient, parent, or guardian not originating from a related E/M service provided within the previous 7 days nor leading to an E/M service or procedure within the next 24 hours or soonest available appointment; 5-10 minutes of medical discussion"
      },
      {
        "system": "http://snomed.info/sct",
        "version": "2020.09.20AA",
        "code": "386473003",
        "display": "Telephone follow-up"
      },
      {
        "system": "http://snomed.info/sct",
        "inactive": true,
        "version": "2020.09.20AA",
        "code": "386479004",
        "display": "Triage: telephone"
      }
    ]
  }
}