{
  "resourceType": "ValueSet",
  "id": "33122",
  "meta": {
    "lastUpdated": "2019-06-10T12:13:32.485-04:00"
  },
  "url": "https://www.ncqa.org/fhir/valueset/2.16.840.1.113883.3.464.1004.1256",
  "identifier": [
    {
      "value": "2.16.840.1.113883.3.464.1004.1256"
    }
  ],
  "version": "Working",
  "name": "Unilateral_Mastectomy",
  "title": "Unilateral Mastectomy",
  "status": "active",
  "expansion": {
    "timestamp": "2021-04-05T14:51:09-04:00",
    "total": 41,
    "offset": 0,
    "contains": [
      {
        "system": "http://snomed.info/sct",
        "version": "2020.09.20AA",
        "code": "359740003",
        "display": "Extended radical mastectomy"
      },
      {
        "system": "http://snomed.info/sct",
        "version": "2020.09.20AA",
        "code": "359734005",
        "display": "Halsted mastectomy"
      },
      {
        "system": "http://snomed.info/sct",
        "version": "2020.09.20AA",
        "code": "428571003",
        "display": "Mastectomy of left breast"
      },
      {
        "system": "http://snomed.info/sct",
        "version": "2020.09.20AA",
        "code": "429400009",
        "display": "Mastectomy of right breast"
      },
      {
        "system": "http://snomed.info/sct",
        "version": "2020.09.20AA",
        "code": "66398006",
        "display": "Mastectomy with excision of regional lymph nodes"
      },
      {
        "system": "http://snomed.info/sct",
        "version": "2020.09.20AA",
        "code": "318190001",
        "display": "Mastectomy with preservation of skin and nipple with synchronous implant"
      },
      {
        "system": "http://www.ama-assn.org/go/cpt",
        "inactive": true,
        "version": "2021.2.20AB",
        "code": "19240",
        "display": "Mastectomy, modified radical, including axillary lymph nodes, with or without pectoralis minor muscle, but excluding pectoralis major muscle"
      },
      {
        "system": "http://www.ama-assn.org/go/cpt",
        "version": "2021.2.20AB",
        "code": "19307",
        "display": "Mastectomy, modified radical, including axillary lymph nodes, with or without pectoralis minor muscle, but excluding pectoralis major muscle"
      },
      {
        "system": "http://www.ama-assn.org/go/cpt",
        "inactive": true,
        "version": "2021.2.20AB",
        "code": "19220",
        "display": "Mastectomy, radical, including pectoral muscles, axillary and internal mammary lymph nodes (Urban type operation)"
      },
      {
        "system": "http://www.ama-assn.org/go/cpt",
        "version": "2021.2.20AB",
        "code": "19306",
        "display": "Mastectomy, radical, including pectoral muscles, axillary and internal mammary lymph nodes (Urban type operation)"
      },
      {
        "system": "http://www.ama-assn.org/go/cpt",
        "inactive": true,
        "version": "2021.2.20AB",
        "code": "19200",
        "display": "Mastectomy, radical, including pectoral muscles, axillary lymph nodes"
      },
      {
        "system": "http://www.ama-assn.org/go/cpt",
        "version": "2021.2.20AB",
        "code": "19305",
        "display": "Mastectomy, radical, including pectoral muscles, axillary lymph nodes"
      },
      {
        "system": "http://www.ama-assn.org/go/cpt",
        "inactive": true,
        "version": "2021.2.20AB",
        "code": "19180",
        "display": "Mastectomy, simple, complete"
      },
      {
        "system": "http://www.ama-assn.org/go/cpt",
        "version": "2021.2.20AB",
        "code": "19303",
        "display": "Mastectomy, simple, complete"
      },
      {
        "system": "http://www.ama-assn.org/go/cpt",
        "inactive": true,
        "version": "2021.2.20AB",
        "code": "19304",
        "display": "Mastectomy, subcutaneous"
      },
      {
        "system": "http://snomed.info/sct",
        "version": "2020.09.20AA",
        "code": "406505007",
        "display": "Modified radical mastectomy"
      },
      {
        "system": "http://snomed.info/sct",
        "version": "2020.09.20AA",
        "code": "726437009",
        "display": "Modified radical mastectomy of left breast"
      },
      {
        "system": "http://snomed.info/sct",
        "version": "2020.09.20AA",
        "code": "726436000",
        "display": "Modified radical mastectomy of right breast"
      },
      {
        "system": "http://snomed.info/sct",
        "version": "2020.09.20AA",
        "code": "395702000",
        "display": "Patey total mastectomy"
      },
      {
        "system": "http://snomed.info/sct",
        "version": "2020.09.20AA",
        "code": "447421006",
        "display": "Prophylactic mastectomy"
      },
      {
        "system": "http://snomed.info/sct",
        "version": "2020.09.20AA",
        "code": "384723003",
        "display": "Radical mastectomy"
      },
      {
        "system": "http://snomed.info/sct",
        "version": "2020.09.20AA",
        "code": "274957008",
        "display": "Radical mastectomy including axillary lymph nodes"
      },
      {
        "system": "http://snomed.info/sct",
        "version": "2020.09.20AA",
        "code": "359728003",
        "display": "Radical mastectomy including pectoral muscles and axillary lymph nodes"
      },
      {
        "system": "http://snomed.info/sct",
        "version": "2020.09.20AA",
        "code": "726429001",
        "display": "Radical mastectomy of left breast"
      },
      {
        "system": "http://snomed.info/sct",
        "version": "2020.09.20AA",
        "code": "726430006",
        "display": "Radical mastectomy of right breast"
      },
      {
        "system": "http://snomed.info/sct",
        "version": "2020.09.20AA",
        "code": "172043006",
        "display": "Simple mastectomy"
      },
      {
        "system": "http://snomed.info/sct",
        "version": "2020.09.20AA",
        "code": "741009001",
        "display": "Simple mastectomy of left breast"
      },
      {
        "system": "http://snomed.info/sct",
        "version": "2020.09.20AA",
        "code": "741010006",
        "display": "Simple mastectomy of right breast"
      },
      {
        "system": "http://snomed.info/sct",
        "version": "2020.09.20AA",
        "code": "447135002",
        "display": "Simple mastectomy with axillary lymph node sampling"
      },
      {
        "system": "http://snomed.info/sct",
        "version": "2020.09.20AA",
        "code": "446420001",
        "display": "Total mastectomy and axillary clearance"
      },
      {
        "system": "http://snomed.info/sct",
        "version": "2020.09.20AA",
        "code": "446109005",
        "display": "Total mastectomy and axillary dissection"
      },
      {
        "system": "http://snomed.info/sct",
        "version": "2020.09.20AA",
        "code": "428564008",
        "display": "Skin sparing mastectomy"
      },
      {
        "system": "http://snomed.info/sct",
        "version": "2020.09.20AA",
        "code": "70183006",
        "display": "Subcutaneous mastectomy"
      },
      {
        "system": "http://snomed.info/sct",
        "version": "2020.09.20AA",
        "code": "287653007",
        "display": "Subcutaneous mastectomy and prosthetic implant"
      },
      {
        "system": "http://snomed.info/sct",
        "version": "2020.09.20AA",
        "code": "726435001",
        "display": "Subcutaneous mastectomy of left breast"
      },
      {
        "system": "http://snomed.info/sct",
        "version": "2020.09.20AA",
        "code": "741018004",
        "display": "Subcutaneous mastectomy of left breast with prosthetic implant"
      },
      {
        "system": "http://snomed.info/sct",
        "version": "2020.09.20AA",
        "code": "726434002",
        "display": "Subcutaneous mastectomy of right breast"
      },
      {
        "system": "http://snomed.info/sct",
        "version": "2020.09.20AA",
        "code": "741019007",
        "display": "Subcutaneous mastectomy of right breast with prosthetic implant"
      },
      {
        "system": "http://snomed.info/sct",
        "version": "2020.09.20AA",
        "code": "237367009",
        "display": "Total mastectomy and division of pectoralis minor muscle"
      },
      {
        "system": "http://snomed.info/sct",
        "version": "2020.09.20AA",
        "code": "237368004",
        "display": "Total mastectomy and excision of part of pectoral muscles and chest wall"
      },
      {
        "system": "http://snomed.info/sct",
        "version": "2020.09.20AA",
        "code": "359731002",
        "display": "Urban operation, extended radical mastectomy"
      }
    ]
  }
}