{
  "resourceType": "ValueSet",
  "id": "33453",
  "meta": {
    "lastUpdated": "2020-06-05T15:37:36.426-04:00"
  },
  "url": "https://www.ncqa.org/fhir/valueset/2.16.840.1.113883.3.464.1004.2224",
  "identifier": [
    {
      "value": "2.16.840.1.113883.3.464.1004.2224"
    }
  ],
  "version": "Working",
  "name": "Palliative_Care_Intervention",
  "title": "Palliative Care Intervention",
  "status": "active",
  "expansion": {
    "timestamp": "2021-04-05T14:51:58-04:00",
    "total": 9,
    "offset": 0,
    "contains": [
      {
        "system": "http://snomed.info/sct",
        "version": "2020.09.20AA",
        "code": "443761007",
        "display": "Anticipatory palliative care"
      },
      {
        "system": "http://snomed.info/sct",
        "version": "2020.09.20AA",
        "code": "433181000124107",
        "display": "Documentation of palliative care medication action plan"
      },
      {
        "system": "http://snomed.info/sct",
        "version": "2020.09.20AA",
        "code": "103735009",
        "display": "Palliative care"
      },
      {
        "system": "http://snomed.info/sct",
        "version": "2020.09.20AA",
        "code": "1841000124106",
        "display": "Palliative care medication review"
      },
      {
        "system": "http://snomed.info/sct",
        "version": "2020.09.20AA",
        "code": "395669003",
        "display": "Specialist palliative care treatment"
      },
      {
        "system": "http://snomed.info/sct",
        "version": "2020.09.20AA",
        "code": "395694002",
        "display": "Specialist palliative care treatment - daycare"
      },
      {
        "system": "http://snomed.info/sct",
        "version": "2020.09.20AA",
        "code": "395670002",
        "display": "Specialist palliative care treatment - inpatient"
      },
      {
        "system": "http://snomed.info/sct",
        "version": "2020.09.20AA",
        "code": "395695001",
        "display": "Specialist palliative care treatment - outpatient"
      },
      {
        "system": "http://snomed.info/sct",
        "version": "2020.09.20AA",
        "code": "105402000",
        "display": "Visit of patient by chaplain during palliative care"
      }
    ]
  }
}