{
  "resourceType": "ValueSet",
  "id": "33260",
  "meta": {
    "lastUpdated": "2022-03-02T19:42:55.387-05:00"
  },
  "url": "https://www.ncqa.org/fhir/valueset/HEDIS.Medicare.Custom.Codes.21",
  "identifier": [
    {
      "value": "HEDIS.Medicare.Custom.Codes.21"
    }
  ],
  "version": "2022-03-31",
  "name": "Absence_of_Cervix_Diagnosis",
  "title": "Absence of Cervix Diagnosis",
  "status": "active",
  "expansion": {
    "timestamp": "2022-03-24T18:42:29-04:00",
    "total": 15,
    "offset": 0,
    "contains": [
      {
        "code": "1",
        "display": "Medicaid"
      },
      {
        "code": "11",
        "display": "Medicaid"
      },
      {
        "code": "111",
        "display": "Medicaid"
      },
      {
       "code": "112",
        "display": "Medicaid"
      },
      {
        "code": "113",
        "display": "Medicaid"
      },
      {
        "code": "119",
        "display": "Medicaid"
      },
      {
       "code": "12",
        "display": "Medicaid"
      },
      {
        "code": "129",
        "display": "Medicaid"
      },
      {
        "code": "14",
        "display": "Medicaid"
      },
      {
        "code": "19",
        "display": "Medicaid"
      },
      {
        "code": "MCR",
        "display": "Medicaid"
      },
      {
        "code": "MCS",
        "display": "Medicaid"
      },
      {
        "code": "MP",
        "display": "Medicaid"
      },
      {
        "code": "MC",
        "display": "Medicaid"
      },
      {
        "code": "MRF",
        "display": "Medicaid"
      },
	  {
        "code": "SN1",
        "display": "Medicaid"
      },
	  {
        "code": "SN2",
        "display": "Medicaid"
      },
	  {
        "code": "SN3",
        "display": "Medicaid"
      },
	  {
        "code": "MB",
        "display": "Medicaid"
      },
	  {
        "code": "MB3",
        "display": "Medicaid"
      },
	  {
        "code": "LB",
        "display": "Medicaid"
      },
	  {
        "code": "XBM",
        "display": "Medicaid"
      },
	  {
        "code": "MCARE",
        "display": "Medicaid"
      },
	  {
        "code": "Medicare",
        "display": "Medicaid"
      },
	  {
        "code": "MA",
        "display": "Medicaid"
      },
	  {
        "code": "M",
        "display": "Medicaid"
      },
	  {
        "code": "MBR",
        "display": "Medicaid"
      },
	  {
        "code": "MEC",
        "display": "Medicaid"
      },
	  {
        "code": "MB1",
        "display": "Medicaid"
      },
	  {
        "code": "DbO",
        "display": "Medicaid"
      },
	  {
        "code": "MNP",
        "display": "Medicaid"
      },
	  {
        "code": "MEDICARE ADVANTAGE",
        "display": "Medicaid"
      },
	  {
        "code": "10603",
        "display": "Medicaid"
      },
	  {
        "code": "MB2",
        "display": "Medicaid"
      },
	  {
        "code": "LO",
        "display": "Medicaid"
      },
	  {
        "code": "MBE",
        "display": "Medicaid"
      },
	  {
        "code": "LM",
        "display": "Medicaid"
      },
	  {
        "code": "MBM",
        "display": "Medicaid"
      },
	  {
        "code": "16",
        "display": "Medicaid"
      }
    ]
  }
}